nohup: ignoring input
wandb: [wandb.login()] Loaded credentials for https://api.wandb.ai from /home/victoriayang425/.netrc.
wandb: Currently logged in as: victoriayang425 (victoriayang425-stanford-university) to https://api.wandb.ai. Use `wandb login --relogin` to force relogin
wandb: Tracking run with wandb version 0.27.0
wandb: Run data is saved locally in /home/victoriayang425/229_Project/wandb/run-20260516_190633-j9owxixf
wandb: Run `wandb offline` to turn off syncing.
wandb: Syncing run egcn_o
wandb: ⭐️ View project at https://wandb.ai/victoriayang425-stanford-university/cs229-transgcn
wandb: 🚀 View run at https://wandb.ai/victoriayang425-stanford-university/cs229-transgcn/runs/j9owxixf
use CUDA: False - device: cpu
MPI backend not preset. Set process rank to 0 (out of 1)
Dataset splits sizes:  train 26 dev 5 test 13
CLS num_feats 256
Log file: log/log_elliptic_temporal_node_cls_egcn_o_20260516190633_r0.log
/home/victoriayang425/229_Project/taskers_utils.py:98: UserWarning: torch.sparse.SparseTensor(indices, values, *, device=) is deprecated.  Please use torch.sparse_coo_tensor(indices, values, dtype=, device=). (Triggered internally at /pytorch/torch/csrc/utils/tensor_new.cpp:642.)
  out = torch.sparse.FloatTensor(idx.t(),vals).coalesce()
/home/victoriayang425/229_Project/taskers_utils.py:98: UserWarning: torch.sparse.SparseTensor(indices, values, *, device=) is deprecated.  Please use torch.sparse_coo_tensor(indices, values, dtype=, device=). (Triggered internally at /pytorch/torch/csrc/utils/tensor_new.cpp:642.)
  out = torch.sparse.FloatTensor(idx.t(),vals).coalesce()
/home/victoriayang425/229_Project/taskers_utils.py:98: UserWarning: torch.sparse.SparseTensor(indices, values, *, device=) is deprecated.  Please use torch.sparse_coo_tensor(indices, values, dtype=, device=). (Triggered internally at /pytorch/torch/csrc/utils/tensor_new.cpp:642.)
  out = torch.sparse.FloatTensor(idx.t(),vals).coalesce()
/home/victoriayang425/229_Project/taskers_utils.py:98: UserWarning: torch.sparse.SparseTensor(indices, values, *, device=) is deprecated.  Please use torch.sparse_coo_tensor(indices, values, dtype=, device=). (Triggered internally at /pytorch/torch/csrc/utils/tensor_new.cpp:642.)
  out = torch.sparse.FloatTensor(idx.t(),vals).coalesce()
/home/victoriayang425/229_Project/taskers_utils.py:98: UserWarning: torch.sparse.SparseTensor(indices, values, *, device=) is deprecated.  Please use torch.sparse_coo_tensor(indices, values, dtype=, device=). (Triggered internally at /pytorch/torch/csrc/utils/tensor_new.cpp:642.)
  out = torch.sparse.FloatTensor(idx.t(),vals).coalesce()
/home/victoriayang425/229_Project/taskers_utils.py:98: UserWarning: torch.sparse.SparseTensor(indices, values, *, device=) is deprecated.  Please use torch.sparse_coo_tensor(indices, values, dtype=, device=). (Triggered internally at /pytorch/torch/csrc/utils/tensor_new.cpp:642.)
  out = torch.sparse.FloatTensor(idx.t(),vals).coalesce()
/home/victoriayang425/229_Project/taskers_utils.py:153: UserWarning: torch.sparse.SparseTensor(indices, values, shape, *, device=) is deprecated.  Please use torch.sparse_coo_tensor(indices, values, shape, dtype=, device=). (Triggered internally at /pytorch/torch/csrc/utils/tensor_new.cpp:654.)
  sp_tensor = torch.sparse.FloatTensor(idx.t(),vals.type(torch.float),torch.Size([num_nodes,num_nodes]))
/home/victoriayang425/229_Project/taskers_utils.py:153: UserWarning: torch.sparse.SparseTensor(indices, values, shape, *, device=) is deprecated.  Please use torch.sparse_coo_tensor(indices, values, shape, dtype=, device=). (Triggered internally at /pytorch/torch/csrc/utils/tensor_new.cpp:654.)
  sp_tensor = torch.sparse.FloatTensor(idx.t(),vals.type(torch.float),torch.Size([num_nodes,num_nodes]))
/home/victoriayang425/229_Project/taskers_utils.py:153: UserWarning: torch.sparse.SparseTensor(indices, values, shape, *, device=) is deprecated.  Please use torch.sparse_coo_tensor(indices, values, shape, dtype=, device=). (Triggered internally at /pytorch/torch/csrc/utils/tensor_new.cpp:654.)
  sp_tensor = torch.sparse.FloatTensor(idx.t(),vals.type(torch.float),torch.Size([num_nodes,num_nodes]))
/home/victoriayang425/229_Project/taskers_utils.py:153: UserWarning: torch.sparse.SparseTensor(indices, values, shape, *, device=) is deprecated.  Please use torch.sparse_coo_tensor(indices, values, shape, dtype=, device=). (Triggered internally at /pytorch/torch/csrc/utils/tensor_new.cpp:654.)
  sp_tensor = torch.sparse.FloatTensor(idx.t(),vals.type(torch.float),torch.Size([num_nodes,num_nodes]))
/home/victoriayang425/229_Project/taskers_utils.py:153: UserWarning: torch.sparse.SparseTensor(indices, values, shape, *, device=) is deprecated.  Please use torch.sparse_coo_tensor(indices, values, shape, dtype=, device=). (Triggered internally at /pytorch/torch/csrc/utils/tensor_new.cpp:654.)
  sp_tensor = torch.sparse.FloatTensor(idx.t(),vals.type(torch.float),torch.Size([num_nodes,num_nodes]))
/home/victoriayang425/229_Project/taskers_utils.py:153: UserWarning: torch.sparse.SparseTensor(indices, values, shape, *, device=) is deprecated.  Please use torch.sparse_coo_tensor(indices, values, shape, dtype=, device=). (Triggered internally at /pytorch/torch/csrc/utils/tensor_new.cpp:654.)
  sp_tensor = torch.sparse.FloatTensor(idx.t(),vals.type(torch.float),torch.Size([num_nodes,num_nodes]))
/home/victoriayang425/229_Project/utils.py:62: UserWarning: torch.sparse.SparseTensor(indices, values, shape, *, device=) is deprecated.  Please use torch.sparse_coo_tensor(indices, values, shape, dtype=, device=). (Triggered internally at /pytorch/torch/csrc/utils/tensor_new.cpp:654.)
  test = torch.sparse.FloatTensor(adj['idx'].t(),
/home/victoriayang425/229_Project/taskers_utils.py:98: UserWarning: torch.sparse.SparseTensor(indices, values, *, device=) is deprecated.  Please use torch.sparse_coo_tensor(indices, values, dtype=, device=). (Triggered internally at /pytorch/torch/csrc/utils/tensor_new.cpp:642.)
  out = torch.sparse.FloatTensor(idx.t(),vals).coalesce()
/home/victoriayang425/229_Project/taskers_utils.py:98: UserWarning: torch.sparse.SparseTensor(indices, values, *, device=) is deprecated.  Please use torch.sparse_coo_tensor(indices, values, dtype=, device=). (Triggered internally at /pytorch/torch/csrc/utils/tensor_new.cpp:642.)
  out = torch.sparse.FloatTensor(idx.t(),vals).coalesce()
/home/victoriayang425/229_Project/taskers_utils.py:98: UserWarning: torch.sparse.SparseTensor(indices, values, *, device=) is deprecated.  Please use torch.sparse_coo_tensor(indices, values, dtype=, device=). (Triggered internally at /pytorch/torch/csrc/utils/tensor_new.cpp:642.)
  out = torch.sparse.FloatTensor(idx.t(),vals).coalesce()
/home/victoriayang425/229_Project/taskers_utils.py:98: UserWarning: torch.sparse.SparseTensor(indices, values, *, device=) is deprecated.  Please use torch.sparse_coo_tensor(indices, values, dtype=, device=). (Triggered internally at /pytorch/torch/csrc/utils/tensor_new.cpp:642.)
  out = torch.sparse.FloatTensor(idx.t(),vals).coalesce()
/home/victoriayang425/229_Project/taskers_utils.py:98: UserWarning: torch.sparse.SparseTensor(indices, values, *, device=) is deprecated.  Please use torch.sparse_coo_tensor(indices, values, dtype=, device=). (Triggered internally at /pytorch/torch/csrc/utils/tensor_new.cpp:642.)
  out = torch.sparse.FloatTensor(idx.t(),vals).coalesce()
/home/victoriayang425/229_Project/taskers_utils.py:98: UserWarning: torch.sparse.SparseTensor(indices, values, *, device=) is deprecated.  Please use torch.sparse_coo_tensor(indices, values, dtype=, device=). (Triggered internally at /pytorch/torch/csrc/utils/tensor_new.cpp:642.)
  out = torch.sparse.FloatTensor(idx.t(),vals).coalesce()
/home/victoriayang425/229_Project/taskers_utils.py:98: UserWarning: torch.sparse.SparseTensor(indices, values, *, device=) is deprecated.  Please use torch.sparse_coo_tensor(indices, values, dtype=, device=). (Triggered internally at /pytorch/torch/csrc/utils/tensor_new.cpp:642.)
  out = torch.sparse.FloatTensor(idx.t(),vals).coalesce()
/home/victoriayang425/229_Project/taskers_utils.py:98: UserWarning: torch.sparse.SparseTensor(indices, values, *, device=) is deprecated.  Please use torch.sparse_coo_tensor(indices, values, dtype=, device=). (Triggered internally at /pytorch/torch/csrc/utils/tensor_new.cpp:642.)
  out = torch.sparse.FloatTensor(idx.t(),vals).coalesce()
/home/victoriayang425/229_Project/taskers_utils.py:98: UserWarning: torch.sparse.SparseTensor(indices, values, *, device=) is deprecated.  Please use torch.sparse_coo_tensor(indices, values, dtype=, device=). (Triggered internally at /pytorch/torch/csrc/utils/tensor_new.cpp:642.)
  out = torch.sparse.FloatTensor(idx.t(),vals).coalesce()
/home/victoriayang425/229_Project/taskers_utils.py:98: UserWarning: torch.sparse.SparseTensor(indices, values, *, device=) is deprecated.  Please use torch.sparse_coo_tensor(indices, values, dtype=, device=). (Triggered internally at /pytorch/torch/csrc/utils/tensor_new.cpp:642.)
  out = torch.sparse.FloatTensor(idx.t(),vals).coalesce()
/home/victoriayang425/229_Project/taskers_utils.py:98: UserWarning: torch.sparse.SparseTensor(indices, values, *, device=) is deprecated.  Please use torch.sparse_coo_tensor(indices, values, dtype=, device=). (Triggered internally at /pytorch/torch/csrc/utils/tensor_new.cpp:642.)
  out = torch.sparse.FloatTensor(idx.t(),vals).coalesce()
/home/victoriayang425/229_Project/taskers_utils.py:98: UserWarning: torch.sparse.SparseTensor(indices, values, *, device=) is deprecated.  Please use torch.sparse_coo_tensor(indices, values, dtype=, device=). (Triggered internally at /pytorch/torch/csrc/utils/tensor_new.cpp:642.)
  out = torch.sparse.FloatTensor(idx.t(),vals).coalesce()
/home/victoriayang425/229_Project/taskers_utils.py:98: UserWarning: torch.sparse.SparseTensor(indices, values, *, device=) is deprecated.  Please use torch.sparse_coo_tensor(indices, values, dtype=, device=). (Triggered internally at /pytorch/torch/csrc/utils/tensor_new.cpp:642.)
  out = torch.sparse.FloatTensor(idx.t(),vals).coalesce()
/home/victoriayang425/229_Project/taskers_utils.py:98: UserWarning: torch.sparse.SparseTensor(indices, values, *, device=) is deprecated.  Please use torch.sparse_coo_tensor(indices, values, dtype=, device=). (Triggered internally at /pytorch/torch/csrc/utils/tensor_new.cpp:642.)
  out = torch.sparse.FloatTensor(idx.t(),vals).coalesce()
/home/victoriayang425/229_Project/taskers_utils.py:98: UserWarning: torch.sparse.SparseTensor(indices, values, *, device=) is deprecated.  Please use torch.sparse_coo_tensor(indices, values, dtype=, device=). (Triggered internally at /pytorch/torch/csrc/utils/tensor_new.cpp:642.)
  out = torch.sparse.FloatTensor(idx.t(),vals).coalesce()
/home/victoriayang425/229_Project/taskers_utils.py:98: UserWarning: torch.sparse.SparseTensor(indices, values, *, device=) is deprecated.  Please use torch.sparse_coo_tensor(indices, values, dtype=, device=). (Triggered internally at /pytorch/torch/csrc/utils/tensor_new.cpp:642.)
  out = torch.sparse.FloatTensor(idx.t(),vals).coalesce()
/home/victoriayang425/229_Project/taskers_utils.py:98: UserWarning: torch.sparse.SparseTensor(indices, values, *, device=) is deprecated.  Please use torch.sparse_coo_tensor(indices, values, dtype=, device=). (Triggered internally at /pytorch/torch/csrc/utils/tensor_new.cpp:642.)
  out = torch.sparse.FloatTensor(idx.t(),vals).coalesce()
/home/victoriayang425/229_Project/taskers_utils.py:98: UserWarning: torch.sparse.SparseTensor(indices, values, *, device=) is deprecated.  Please use torch.sparse_coo_tensor(indices, values, dtype=, device=). (Triggered internally at /pytorch/torch/csrc/utils/tensor_new.cpp:642.)
  out = torch.sparse.FloatTensor(idx.t(),vals).coalesce()
/home/victoriayang425/229_Project/taskers_utils.py:98: UserWarning: torch.sparse.SparseTensor(indices, values, *, device=) is deprecated.  Please use torch.sparse_coo_tensor(indices, values, dtype=, device=). (Triggered internally at /pytorch/torch/csrc/utils/tensor_new.cpp:642.)
  out = torch.sparse.FloatTensor(idx.t(),vals).coalesce()
/home/victoriayang425/229_Project/taskers_utils.py:98: UserWarning: torch.sparse.SparseTensor(indices, values, *, device=) is deprecated.  Please use torch.sparse_coo_tensor(indices, values, dtype=, device=). (Triggered internally at /pytorch/torch/csrc/utils/tensor_new.cpp:642.)
  out = torch.sparse.FloatTensor(idx.t(),vals).coalesce()
/home/victoriayang425/229_Project/taskers_utils.py:98: UserWarning: torch.sparse.SparseTensor(indices, values, *, device=) is deprecated.  Please use torch.sparse_coo_tensor(indices, values, dtype=, device=). (Triggered internally at /pytorch/torch/csrc/utils/tensor_new.cpp:642.)
  out = torch.sparse.FloatTensor(idx.t(),vals).coalesce()
/home/victoriayang425/229_Project/taskers_utils.py:98: UserWarning: torch.sparse.SparseTensor(indices, values, *, device=) is deprecated.  Please use torch.sparse_coo_tensor(indices, values, dtype=, device=). (Triggered internally at /pytorch/torch/csrc/utils/tensor_new.cpp:642.)
  out = torch.sparse.FloatTensor(idx.t(),vals).coalesce()
/home/victoriayang425/229_Project/taskers_utils.py:98: UserWarning: torch.sparse.SparseTensor(indices, values, *, device=) is deprecated.  Please use torch.sparse_coo_tensor(indices, values, dtype=, device=). (Triggered internally at /pytorch/torch/csrc/utils/tensor_new.cpp:642.)
  out = torch.sparse.FloatTensor(idx.t(),vals).coalesce()
/home/victoriayang425/229_Project/taskers_utils.py:98: UserWarning: torch.sparse.SparseTensor(indices, values, *, device=) is deprecated.  Please use torch.sparse_coo_tensor(indices, values, dtype=, device=). (Triggered internally at /pytorch/torch/csrc/utils/tensor_new.cpp:642.)
  out = torch.sparse.FloatTensor(idx.t(),vals).coalesce()
/home/victoriayang425/229_Project/taskers_utils.py:98: UserWarning: torch.sparse.SparseTensor(indices, values, *, device=) is deprecated.  Please use torch.sparse_coo_tensor(indices, values, dtype=, device=). (Triggered internally at /pytorch/torch/csrc/utils/tensor_new.cpp:642.)
  out = torch.sparse.FloatTensor(idx.t(),vals).coalesce()
/home/victoriayang425/229_Project/taskers_utils.py:98: UserWarning: torch.sparse.SparseTensor(indices, values, *, device=) is deprecated.  Please use torch.sparse_coo_tensor(indices, values, dtype=, device=). (Triggered internally at /pytorch/torch/csrc/utils/tensor_new.cpp:642.)
  out = torch.sparse.FloatTensor(idx.t(),vals).coalesce()
/home/victoriayang425/229_Project/taskers_utils.py:98: UserWarning: torch.sparse.SparseTensor(indices, values, *, device=) is deprecated.  Please use torch.sparse_coo_tensor(indices, values, dtype=, device=). (Triggered internally at /pytorch/torch/csrc/utils/tensor_new.cpp:642.)
  out = torch.sparse.FloatTensor(idx.t(),vals).coalesce()
/home/victoriayang425/229_Project/taskers_utils.py:98: UserWarning: torch.sparse.SparseTensor(indices, values, *, device=) is deprecated.  Please use torch.sparse_coo_tensor(indices, values, dtype=, device=). (Triggered internally at /pytorch/torch/csrc/utils/tensor_new.cpp:642.)
  out = torch.sparse.FloatTensor(idx.t(),vals).coalesce()
/home/victoriayang425/229_Project/taskers_utils.py:98: UserWarning: torch.sparse.SparseTensor(indices, values, *, device=) is deprecated.  Please use torch.sparse_coo_tensor(indices, values, dtype=, device=). (Triggered internally at /pytorch/torch/csrc/utils/tensor_new.cpp:642.)
  out = torch.sparse.FloatTensor(idx.t(),vals).coalesce()
/home/victoriayang425/229_Project/taskers_utils.py:98: UserWarning: torch.sparse.SparseTensor(indices, values, *, device=) is deprecated.  Please use torch.sparse_coo_tensor(indices, values, dtype=, device=). (Triggered internally at /pytorch/torch/csrc/utils/tensor_new.cpp:642.)
  out = torch.sparse.FloatTensor(idx.t(),vals).coalesce()
/home/victoriayang425/229_Project/taskers_utils.py:98: UserWarning: torch.sparse.SparseTensor(indices, values, *, device=) is deprecated.  Please use torch.sparse_coo_tensor(indices, values, dtype=, device=). (Triggered internally at /pytorch/torch/csrc/utils/tensor_new.cpp:642.)
  out = torch.sparse.FloatTensor(idx.t(),vals).coalesce()
/home/victoriayang425/229_Project/taskers_utils.py:98: UserWarning: torch.sparse.SparseTensor(indices, values, *, device=) is deprecated.  Please use torch.sparse_coo_tensor(indices, values, dtype=, device=). (Triggered internally at /pytorch/torch/csrc/utils/tensor_new.cpp:642.)
  out = torch.sparse.FloatTensor(idx.t(),vals).coalesce()
/home/victoriayang425/229_Project/taskers_utils.py:98: UserWarning: torch.sparse.SparseTensor(indices, values, *, device=) is deprecated.  Please use torch.sparse_coo_tensor(indices, values, dtype=, device=). (Triggered internally at /pytorch/torch/csrc/utils/tensor_new.cpp:642.)
  out = torch.sparse.FloatTensor(idx.t(),vals).coalesce()
/home/victoriayang425/229_Project/taskers_utils.py:98: UserWarning: torch.sparse.SparseTensor(indices, values, *, device=) is deprecated.  Please use torch.sparse_coo_tensor(indices, values, dtype=, device=). (Triggered internally at /pytorch/torch/csrc/utils/tensor_new.cpp:642.)
  out = torch.sparse.FloatTensor(idx.t(),vals).coalesce()
/home/victoriayang425/229_Project/taskers_utils.py:98: UserWarning: torch.sparse.SparseTensor(indices, values, *, device=) is deprecated.  Please use torch.sparse_coo_tensor(indices, values, dtype=, device=). (Triggered internally at /pytorch/torch/csrc/utils/tensor_new.cpp:642.)
  out = torch.sparse.FloatTensor(idx.t(),vals).coalesce()
/home/victoriayang425/229_Project/taskers_utils.py:98: UserWarning: torch.sparse.SparseTensor(indices, values, *, device=) is deprecated.  Please use torch.sparse_coo_tensor(indices, values, dtype=, device=). (Triggered internally at /pytorch/torch/csrc/utils/tensor_new.cpp:642.)
  out = torch.sparse.FloatTensor(idx.t(),vals).coalesce()
/home/victoriayang425/229_Project/taskers_utils.py:98: UserWarning: torch.sparse.SparseTensor(indices, values, *, device=) is deprecated.  Please use torch.sparse_coo_tensor(indices, values, dtype=, device=). (Triggered internally at /pytorch/torch/csrc/utils/tensor_new.cpp:642.)
  out = torch.sparse.FloatTensor(idx.t(),vals).coalesce()
/home/victoriayang425/229_Project/taskers_utils.py:98: UserWarning: torch.sparse.SparseTensor(indices, values, *, device=) is deprecated.  Please use torch.sparse_coo_tensor(indices, values, dtype=, device=). (Triggered internally at /pytorch/torch/csrc/utils/tensor_new.cpp:642.)
  out = torch.sparse.FloatTensor(idx.t(),vals).coalesce()
/home/victoriayang425/229_Project/taskers_utils.py:98: UserWarning: torch.sparse.SparseTensor(indices, values, *, device=) is deprecated.  Please use torch.sparse_coo_tensor(indices, values, dtype=, device=). (Triggered internally at /pytorch/torch/csrc/utils/tensor_new.cpp:642.)
  out = torch.sparse.FloatTensor(idx.t(),vals).coalesce()
/home/victoriayang425/229_Project/taskers_utils.py:98: UserWarning: torch.sparse.SparseTensor(indices, values, *, device=) is deprecated.  Please use torch.sparse_coo_tensor(indices, values, dtype=, device=). (Triggered internally at /pytorch/torch/csrc/utils/tensor_new.cpp:642.)
  out = torch.sparse.FloatTensor(idx.t(),vals).coalesce()
/home/victoriayang425/229_Project/taskers_utils.py:98: UserWarning: torch.sparse.SparseTensor(indices, values, *, device=) is deprecated.  Please use torch.sparse_coo_tensor(indices, values, dtype=, device=). (Triggered internally at /pytorch/torch/csrc/utils/tensor_new.cpp:642.)
  out = torch.sparse.FloatTensor(idx.t(),vals).coalesce()
### w0) ep 6 - Best valid measure:0.5568326947637292
/home/victoriayang425/229_Project/taskers_utils.py:98: UserWarning: torch.sparse.SparseTensor(indices, values, *, device=) is deprecated.  Please use torch.sparse_coo_tensor(indices, values, dtype=, device=). (Triggered internally at /pytorch/torch/csrc/utils/tensor_new.cpp:642.)
  out = torch.sparse.FloatTensor(idx.t(),vals).coalesce()
/home/victoriayang425/229_Project/taskers_utils.py:98: UserWarning: torch.sparse.SparseTensor(indices, values, *, device=) is deprecated.  Please use torch.sparse_coo_tensor(indices, values, dtype=, device=). (Triggered internally at /pytorch/torch/csrc/utils/tensor_new.cpp:642.)
  out = torch.sparse.FloatTensor(idx.t(),vals).coalesce()
/home/victoriayang425/229_Project/taskers_utils.py:98: UserWarning: torch.sparse.SparseTensor(indices, values, *, device=) is deprecated.  Please use torch.sparse_coo_tensor(indices, values, dtype=, device=). (Triggered internally at /pytorch/torch/csrc/utils/tensor_new.cpp:642.)
  out = torch.sparse.FloatTensor(idx.t(),vals).coalesce()
/home/victoriayang425/229_Project/taskers_utils.py:98: UserWarning: torch.sparse.SparseTensor(indices, values, *, device=) is deprecated.  Please use torch.sparse_coo_tensor(indices, values, dtype=, device=). (Triggered internally at /pytorch/torch/csrc/utils/tensor_new.cpp:642.)
  out = torch.sparse.FloatTensor(idx.t(),vals).coalesce()
/home/victoriayang425/229_Project/taskers_utils.py:98: UserWarning: torch.sparse.SparseTensor(indices, values, *, device=) is deprecated.  Please use torch.sparse_coo_tensor(indices, values, dtype=, device=). (Triggered internally at /pytorch/torch/csrc/utils/tensor_new.cpp:642.)
  out = torch.sparse.FloatTensor(idx.t(),vals).coalesce()
/home/victoriayang425/229_Project/taskers_utils.py:98: UserWarning: torch.sparse.SparseTensor(indices, values, *, device=) is deprecated.  Please use torch.sparse_coo_tensor(indices, values, dtype=, device=). (Triggered internally at /pytorch/torch/csrc/utils/tensor_new.cpp:642.)
  out = torch.sparse.FloatTensor(idx.t(),vals).coalesce()
/home/victoriayang425/229_Project/taskers_utils.py:98: UserWarning: torch.sparse.SparseTensor(indices, values, *, device=) is deprecated.  Please use torch.sparse_coo_tensor(indices, values, dtype=, device=). (Triggered internally at /pytorch/torch/csrc/utils/tensor_new.cpp:642.)
  out = torch.sparse.FloatTensor(idx.t(),vals).coalesce()
/home/victoriayang425/229_Project/taskers_utils.py:98: UserWarning: torch.sparse.SparseTensor(indices, values, *, device=) is deprecated.  Please use torch.sparse_coo_tensor(indices, values, dtype=, device=). (Triggered internally at /pytorch/torch/csrc/utils/tensor_new.cpp:642.)
  out = torch.sparse.FloatTensor(idx.t(),vals).coalesce()
/home/victoriayang425/229_Project/taskers_utils.py:98: UserWarning: torch.sparse.SparseTensor(indices, values, *, device=) is deprecated.  Please use torch.sparse_coo_tensor(indices, values, dtype=, device=). (Triggered internally at /pytorch/torch/csrc/utils/tensor_new.cpp:642.)
  out = torch.sparse.FloatTensor(idx.t(),vals).coalesce()
/home/victoriayang425/229_Project/taskers_utils.py:98: UserWarning: torch.sparse.SparseTensor(indices, values, *, device=) is deprecated.  Please use torch.sparse_coo_tensor(indices, values, dtype=, device=). (Triggered internally at /pytorch/torch/csrc/utils/tensor_new.cpp:642.)
  out = torch.sparse.FloatTensor(idx.t(),vals).coalesce()
/home/victoriayang425/229_Project/taskers_utils.py:98: UserWarning: torch.sparse.SparseTensor(indices, values, *, device=) is deprecated.  Please use torch.sparse_coo_tensor(indices, values, dtype=, device=). (Triggered internally at /pytorch/torch/csrc/utils/tensor_new.cpp:642.)
  out = torch.sparse.FloatTensor(idx.t(),vals).coalesce()
/home/victoriayang425/229_Project/taskers_utils.py:98: UserWarning: torch.sparse.SparseTensor(indices, values, *, device=) is deprecated.  Please use torch.sparse_coo_tensor(indices, values, dtype=, device=). (Triggered internally at /pytorch/torch/csrc/utils/tensor_new.cpp:642.)
  out = torch.sparse.FloatTensor(idx.t(),vals).coalesce()
/home/victoriayang425/229_Project/taskers_utils.py:98: UserWarning: torch.sparse.SparseTensor(indices, values, *, device=) is deprecated.  Please use torch.sparse_coo_tensor(indices, values, dtype=, device=). (Triggered internally at /pytorch/torch/csrc/utils/tensor_new.cpp:642.)
  out = torch.sparse.FloatTensor(idx.t(),vals).coalesce()
/home/victoriayang425/229_Project/taskers_utils.py:98: UserWarning: torch.sparse.SparseTensor(indices, values, *, device=) is deprecated.  Please use torch.sparse_coo_tensor(indices, values, dtype=, device=). (Triggered internally at /pytorch/torch/csrc/utils/tensor_new.cpp:642.)
  out = torch.sparse.FloatTensor(idx.t(),vals).coalesce()
/home/victoriayang425/229_Project/taskers_utils.py:98: UserWarning: torch.sparse.SparseTensor(indices, values, *, device=) is deprecated.  Please use torch.sparse_coo_tensor(indices, values, dtype=, device=). (Triggered internally at /pytorch/torch/csrc/utils/tensor_new.cpp:642.)
  out = torch.sparse.FloatTensor(idx.t(),vals).coalesce()
/home/victoriayang425/229_Project/taskers_utils.py:98: UserWarning: torch.sparse.SparseTensor(indices, values, *, device=) is deprecated.  Please use torch.sparse_coo_tensor(indices, values, dtype=, device=). (Triggered internally at /pytorch/torch/csrc/utils/tensor_new.cpp:642.)
  out = torch.sparse.FloatTensor(idx.t(),vals).coalesce()
/home/victoriayang425/229_Project/taskers_utils.py:98: UserWarning: torch.sparse.SparseTensor(indices, values, *, device=) is deprecated.  Please use torch.sparse_coo_tensor(indices, values, dtype=, device=). (Triggered internally at /pytorch/torch/csrc/utils/tensor_new.cpp:642.)
  out = torch.sparse.FloatTensor(idx.t(),vals).coalesce()
### w0) ep 7 - Best valid measure:0.5908790482485128
/home/victoriayang425/229_Project/taskers_utils.py:98: UserWarning: torch.sparse.SparseTensor(indices, values, *, device=) is deprecated.  Please use torch.sparse_coo_tensor(indices, values, dtype=, device=). (Triggered internally at /pytorch/torch/csrc/utils/tensor_new.cpp:642.)
  out = torch.sparse.FloatTensor(idx.t(),vals).coalesce()
/home/victoriayang425/229_Project/taskers_utils.py:98: UserWarning: torch.sparse.SparseTensor(indices, values, *, device=) is deprecated.  Please use torch.sparse_coo_tensor(indices, values, dtype=, device=). (Triggered internally at /pytorch/torch/csrc/utils/tensor_new.cpp:642.)
  out = torch.sparse.FloatTensor(idx.t(),vals).coalesce()
/home/victoriayang425/229_Project/taskers_utils.py:98: UserWarning: torch.sparse.SparseTensor(indices, values, *, device=) is deprecated.  Please use torch.sparse_coo_tensor(indices, values, dtype=, device=). (Triggered internally at /pytorch/torch/csrc/utils/tensor_new.cpp:642.)
  out = torch.sparse.FloatTensor(idx.t(),vals).coalesce()
/home/victoriayang425/229_Project/taskers_utils.py:98: UserWarning: torch.sparse.SparseTensor(indices, values, *, device=) is deprecated.  Please use torch.sparse_coo_tensor(indices, values, dtype=, device=). (Triggered internally at /pytorch/torch/csrc/utils/tensor_new.cpp:642.)
  out = torch.sparse.FloatTensor(idx.t(),vals).coalesce()
/home/victoriayang425/229_Project/taskers_utils.py:98: UserWarning: torch.sparse.SparseTensor(indices, values, *, device=) is deprecated.  Please use torch.sparse_coo_tensor(indices, values, dtype=, device=). (Triggered internally at /pytorch/torch/csrc/utils/tensor_new.cpp:642.)
  out = torch.sparse.FloatTensor(idx.t(),vals).coalesce()
/home/victoriayang425/229_Project/taskers_utils.py:98: UserWarning: torch.sparse.SparseTensor(indices, values, *, device=) is deprecated.  Please use torch.sparse_coo_tensor(indices, values, dtype=, device=). (Triggered internally at /pytorch/torch/csrc/utils/tensor_new.cpp:642.)
  out = torch.sparse.FloatTensor(idx.t(),vals).coalesce()
/home/victoriayang425/229_Project/taskers_utils.py:98: UserWarning: torch.sparse.SparseTensor(indices, values, *, device=) is deprecated.  Please use torch.sparse_coo_tensor(indices, values, dtype=, device=). (Triggered internally at /pytorch/torch/csrc/utils/tensor_new.cpp:642.)
  out = torch.sparse.FloatTensor(idx.t(),vals).coalesce()
/home/victoriayang425/229_Project/taskers_utils.py:98: UserWarning: torch.sparse.SparseTensor(indices, values, *, device=) is deprecated.  Please use torch.sparse_coo_tensor(indices, values, dtype=, device=). (Triggered internally at /pytorch/torch/csrc/utils/tensor_new.cpp:642.)
  out = torch.sparse.FloatTensor(idx.t(),vals).coalesce()
/home/victoriayang425/229_Project/taskers_utils.py:98: UserWarning: torch.sparse.SparseTensor(indices, values, *, device=) is deprecated.  Please use torch.sparse_coo_tensor(indices, values, dtype=, device=). (Triggered internally at /pytorch/torch/csrc/utils/tensor_new.cpp:642.)
  out = torch.sparse.FloatTensor(idx.t(),vals).coalesce()
/home/victoriayang425/229_Project/taskers_utils.py:98: UserWarning: torch.sparse.SparseTensor(indices, values, *, device=) is deprecated.  Please use torch.sparse_coo_tensor(indices, values, dtype=, device=). (Triggered internally at /pytorch/torch/csrc/utils/tensor_new.cpp:642.)
  out = torch.sparse.FloatTensor(idx.t(),vals).coalesce()
/home/victoriayang425/229_Project/taskers_utils.py:98: UserWarning: torch.sparse.SparseTensor(indices, values, *, device=) is deprecated.  Please use torch.sparse_coo_tensor(indices, values, dtype=, device=). (Triggered internally at /pytorch/torch/csrc/utils/tensor_new.cpp:642.)
  out = torch.sparse.FloatTensor(idx.t(),vals).coalesce()
/home/victoriayang425/229_Project/taskers_utils.py:98: UserWarning: torch.sparse.SparseTensor(indices, values, *, device=) is deprecated.  Please use torch.sparse_coo_tensor(indices, values, dtype=, device=). (Triggered internally at /pytorch/torch/csrc/utils/tensor_new.cpp:642.)
  out = torch.sparse.FloatTensor(idx.t(),vals).coalesce()
/home/victoriayang425/229_Project/taskers_utils.py:98: UserWarning: torch.sparse.SparseTensor(indices, values, *, device=) is deprecated.  Please use torch.sparse_coo_tensor(indices, values, dtype=, device=). (Triggered internally at /pytorch/torch/csrc/utils/tensor_new.cpp:642.)
  out = torch.sparse.FloatTensor(idx.t(),vals).coalesce()
/home/victoriayang425/229_Project/taskers_utils.py:98: UserWarning: torch.sparse.SparseTensor(indices, values, *, device=) is deprecated.  Please use torch.sparse_coo_tensor(indices, values, dtype=, device=). (Triggered internally at /pytorch/torch/csrc/utils/tensor_new.cpp:642.)
  out = torch.sparse.FloatTensor(idx.t(),vals).coalesce()
/home/victoriayang425/229_Project/taskers_utils.py:98: UserWarning: torch.sparse.SparseTensor(indices, values, *, device=) is deprecated.  Please use torch.sparse_coo_tensor(indices, values, dtype=, device=). (Triggered internally at /pytorch/torch/csrc/utils/tensor_new.cpp:642.)
  out = torch.sparse.FloatTensor(idx.t(),vals).coalesce()
/home/victoriayang425/229_Project/taskers_utils.py:98: UserWarning: torch.sparse.SparseTensor(indices, values, *, device=) is deprecated.  Please use torch.sparse_coo_tensor(indices, values, dtype=, device=). (Triggered internally at /pytorch/torch/csrc/utils/tensor_new.cpp:642.)
  out = torch.sparse.FloatTensor(idx.t(),vals).coalesce()
/home/victoriayang425/229_Project/taskers_utils.py:98: UserWarning: torch.sparse.SparseTensor(indices, values, *, device=) is deprecated.  Please use torch.sparse_coo_tensor(indices, values, dtype=, device=). (Triggered internally at /pytorch/torch/csrc/utils/tensor_new.cpp:642.)
  out = torch.sparse.FloatTensor(idx.t(),vals).coalesce()
### w0) ep 8 - Best valid measure:0.5914127423822714
/home/victoriayang425/229_Project/taskers_utils.py:98: UserWarning: torch.sparse.SparseTensor(indices, values, *, device=) is deprecated.  Please use torch.sparse_coo_tensor(indices, values, dtype=, device=). (Triggered internally at /pytorch/torch/csrc/utils/tensor_new.cpp:642.)
  out = torch.sparse.FloatTensor(idx.t(),vals).coalesce()
/home/victoriayang425/229_Project/taskers_utils.py:98: UserWarning: torch.sparse.SparseTensor(indices, values, *, device=) is deprecated.  Please use torch.sparse_coo_tensor(indices, values, dtype=, device=). (Triggered internally at /pytorch/torch/csrc/utils/tensor_new.cpp:642.)
  out = torch.sparse.FloatTensor(idx.t(),vals).coalesce()
/home/victoriayang425/229_Project/taskers_utils.py:98: UserWarning: torch.sparse.SparseTensor(indices, values, *, device=) is deprecated.  Please use torch.sparse_coo_tensor(indices, values, dtype=, device=). (Triggered internally at /pytorch/torch/csrc/utils/tensor_new.cpp:642.)
  out = torch.sparse.FloatTensor(idx.t(),vals).coalesce()
/home/victoriayang425/229_Project/taskers_utils.py:98: UserWarning: torch.sparse.SparseTensor(indices, values, *, device=) is deprecated.  Please use torch.sparse_coo_tensor(indices, values, dtype=, device=). (Triggered internally at /pytorch/torch/csrc/utils/tensor_new.cpp:642.)
  out = torch.sparse.FloatTensor(idx.t(),vals).coalesce()
/home/victoriayang425/229_Project/taskers_utils.py:98: UserWarning: torch.sparse.SparseTensor(indices, values, *, device=) is deprecated.  Please use torch.sparse_coo_tensor(indices, values, dtype=, device=). (Triggered internally at /pytorch/torch/csrc/utils/tensor_new.cpp:642.)
  out = torch.sparse.FloatTensor(idx.t(),vals).coalesce()
/home/victoriayang425/229_Project/taskers_utils.py:98: UserWarning: torch.sparse.SparseTensor(indices, values, *, device=) is deprecated.  Please use torch.sparse_coo_tensor(indices, values, dtype=, device=). (Triggered internally at /pytorch/torch/csrc/utils/tensor_new.cpp:642.)
  out = torch.sparse.FloatTensor(idx.t(),vals).coalesce()
/home/victoriayang425/229_Project/taskers_utils.py:98: UserWarning: torch.sparse.SparseTensor(indices, values, *, device=) is deprecated.  Please use torch.sparse_coo_tensor(indices, values, dtype=, device=). (Triggered internally at /pytorch/torch/csrc/utils/tensor_new.cpp:642.)
  out = torch.sparse.FloatTensor(idx.t(),vals).coalesce()
/home/victoriayang425/229_Project/taskers_utils.py:98: UserWarning: torch.sparse.SparseTensor(indices, values, *, device=) is deprecated.  Please use torch.sparse_coo_tensor(indices, values, dtype=, device=). (Triggered internally at /pytorch/torch/csrc/utils/tensor_new.cpp:642.)
  out = torch.sparse.FloatTensor(idx.t(),vals).coalesce()
/home/victoriayang425/229_Project/taskers_utils.py:98: UserWarning: torch.sparse.SparseTensor(indices, values, *, device=) is deprecated.  Please use torch.sparse_coo_tensor(indices, values, dtype=, device=). (Triggered internally at /pytorch/torch/csrc/utils/tensor_new.cpp:642.)
  out = torch.sparse.FloatTensor(idx.t(),vals).coalesce()
/home/victoriayang425/229_Project/taskers_utils.py:98: UserWarning: torch.sparse.SparseTensor(indices, values, *, device=) is deprecated.  Please use torch.sparse_coo_tensor(indices, values, dtype=, device=). (Triggered internally at /pytorch/torch/csrc/utils/tensor_new.cpp:642.)
  out = torch.sparse.FloatTensor(idx.t(),vals).coalesce()
/home/victoriayang425/229_Project/taskers_utils.py:98: UserWarning: torch.sparse.SparseTensor(indices, values, *, device=) is deprecated.  Please use torch.sparse_coo_tensor(indices, values, dtype=, device=). (Triggered internally at /pytorch/torch/csrc/utils/tensor_new.cpp:642.)
  out = torch.sparse.FloatTensor(idx.t(),vals).coalesce()
/home/victoriayang425/229_Project/taskers_utils.py:98: UserWarning: torch.sparse.SparseTensor(indices, values, *, device=) is deprecated.  Please use torch.sparse_coo_tensor(indices, values, dtype=, device=). (Triggered internally at /pytorch/torch/csrc/utils/tensor_new.cpp:642.)
  out = torch.sparse.FloatTensor(idx.t(),vals).coalesce()
/home/victoriayang425/229_Project/taskers_utils.py:98: UserWarning: torch.sparse.SparseTensor(indices, values, *, device=) is deprecated.  Please use torch.sparse_coo_tensor(indices, values, dtype=, device=). (Triggered internally at /pytorch/torch/csrc/utils/tensor_new.cpp:642.)
  out = torch.sparse.FloatTensor(idx.t(),vals).coalesce()
/home/victoriayang425/229_Project/taskers_utils.py:98: UserWarning: torch.sparse.SparseTensor(indices, values, *, device=) is deprecated.  Please use torch.sparse_coo_tensor(indices, values, dtype=, device=). (Triggered internally at /pytorch/torch/csrc/utils/tensor_new.cpp:642.)
  out = torch.sparse.FloatTensor(idx.t(),vals).coalesce()
/home/victoriayang425/229_Project/taskers_utils.py:98: UserWarning: torch.sparse.SparseTensor(indices, values, *, device=) is deprecated.  Please use torch.sparse_coo_tensor(indices, values, dtype=, device=). (Triggered internally at /pytorch/torch/csrc/utils/tensor_new.cpp:642.)
  out = torch.sparse.FloatTensor(idx.t(),vals).coalesce()
/home/victoriayang425/229_Project/taskers_utils.py:98: UserWarning: torch.sparse.SparseTensor(indices, values, *, device=) is deprecated.  Please use torch.sparse_coo_tensor(indices, values, dtype=, device=). (Triggered internally at /pytorch/torch/csrc/utils/tensor_new.cpp:642.)
  out = torch.sparse.FloatTensor(idx.t(),vals).coalesce()
/home/victoriayang425/229_Project/taskers_utils.py:98: UserWarning: torch.sparse.SparseTensor(indices, values, *, device=) is deprecated.  Please use torch.sparse_coo_tensor(indices, values, dtype=, device=). (Triggered internally at /pytorch/torch/csrc/utils/tensor_new.cpp:642.)
  out = torch.sparse.FloatTensor(idx.t(),vals).coalesce()
/home/victoriayang425/229_Project/taskers_utils.py:98: UserWarning: torch.sparse.SparseTensor(indices, values, *, device=) is deprecated.  Please use torch.sparse_coo_tensor(indices, values, dtype=, device=). (Triggered internally at /pytorch/torch/csrc/utils/tensor_new.cpp:642.)
  out = torch.sparse.FloatTensor(idx.t(),vals).coalesce()
/home/victoriayang425/229_Project/taskers_utils.py:98: UserWarning: torch.sparse.SparseTensor(indices, values, *, device=) is deprecated.  Please use torch.sparse_coo_tensor(indices, values, dtype=, device=). (Triggered internally at /pytorch/torch/csrc/utils/tensor_new.cpp:642.)
  out = torch.sparse.FloatTensor(idx.t(),vals).coalesce()
/home/victoriayang425/229_Project/taskers_utils.py:98: UserWarning: torch.sparse.SparseTensor(indices, values, *, device=) is deprecated.  Please use torch.sparse_coo_tensor(indices, values, dtype=, device=). (Triggered internally at /pytorch/torch/csrc/utils/tensor_new.cpp:642.)
  out = torch.sparse.FloatTensor(idx.t(),vals).coalesce()
/home/victoriayang425/229_Project/taskers_utils.py:98: UserWarning: torch.sparse.SparseTensor(indices, values, *, device=) is deprecated.  Please use torch.sparse_coo_tensor(indices, values, dtype=, device=). (Triggered internally at /pytorch/torch/csrc/utils/tensor_new.cpp:642.)
  out = torch.sparse.FloatTensor(idx.t(),vals).coalesce()
/home/victoriayang425/229_Project/taskers_utils.py:98: UserWarning: torch.sparse.SparseTensor(indices, values, *, device=) is deprecated.  Please use torch.sparse_coo_tensor(indices, values, dtype=, device=). (Triggered internally at /pytorch/torch/csrc/utils/tensor_new.cpp:642.)
  out = torch.sparse.FloatTensor(idx.t(),vals).coalesce()
/home/victoriayang425/229_Project/taskers_utils.py:98: UserWarning: torch.sparse.SparseTensor(indices, values, *, device=) is deprecated.  Please use torch.sparse_coo_tensor(indices, values, dtype=, device=). (Triggered internally at /pytorch/torch/csrc/utils/tensor_new.cpp:642.)
  out = torch.sparse.FloatTensor(idx.t(),vals).coalesce()
/home/victoriayang425/229_Project/taskers_utils.py:98: UserWarning: torch.sparse.SparseTensor(indices, values, *, device=) is deprecated.  Please use torch.sparse_coo_tensor(indices, values, dtype=, device=). (Triggered internally at /pytorch/torch/csrc/utils/tensor_new.cpp:642.)
  out = torch.sparse.FloatTensor(idx.t(),vals).coalesce()
/home/victoriayang425/229_Project/taskers_utils.py:98: UserWarning: torch.sparse.SparseTensor(indices, values, *, device=) is deprecated.  Please use torch.sparse_coo_tensor(indices, values, dtype=, device=). (Triggered internally at /pytorch/torch/csrc/utils/tensor_new.cpp:642.)
  out = torch.sparse.FloatTensor(idx.t(),vals).coalesce()
/home/victoriayang425/229_Project/taskers_utils.py:98: UserWarning: torch.sparse.SparseTensor(indices, values, *, device=) is deprecated.  Please use torch.sparse_coo_tensor(indices, values, dtype=, device=). (Triggered internally at /pytorch/torch/csrc/utils/tensor_new.cpp:642.)
  out = torch.sparse.FloatTensor(idx.t(),vals).coalesce()
/home/victoriayang425/229_Project/taskers_utils.py:98: UserWarning: torch.sparse.SparseTensor(indices, values, *, device=) is deprecated.  Please use torch.sparse_coo_tensor(indices, values, dtype=, device=). (Triggered internally at /pytorch/torch/csrc/utils/tensor_new.cpp:642.)
  out = torch.sparse.FloatTensor(idx.t(),vals).coalesce()
/home/victoriayang425/229_Project/taskers_utils.py:98: UserWarning: torch.sparse.SparseTensor(indices, values, *, device=) is deprecated.  Please use torch.sparse_coo_tensor(indices, values, dtype=, device=). (Triggered internally at /pytorch/torch/csrc/utils/tensor_new.cpp:642.)
  out = torch.sparse.FloatTensor(idx.t(),vals).coalesce()
/home/victoriayang425/229_Project/taskers_utils.py:98: UserWarning: torch.sparse.SparseTensor(indices, values, *, device=) is deprecated.  Please use torch.sparse_coo_tensor(indices, values, dtype=, device=). (Triggered internally at /pytorch/torch/csrc/utils/tensor_new.cpp:642.)
  out = torch.sparse.FloatTensor(idx.t(),vals).coalesce()
/home/victoriayang425/229_Project/taskers_utils.py:98: UserWarning: torch.sparse.SparseTensor(indices, values, *, device=) is deprecated.  Please use torch.sparse_coo_tensor(indices, values, dtype=, device=). (Triggered internally at /pytorch/torch/csrc/utils/tensor_new.cpp:642.)
  out = torch.sparse.FloatTensor(idx.t(),vals).coalesce()
/home/victoriayang425/229_Project/taskers_utils.py:98: UserWarning: torch.sparse.SparseTensor(indices, values, *, device=) is deprecated.  Please use torch.sparse_coo_tensor(indices, values, dtype=, device=). (Triggered internally at /pytorch/torch/csrc/utils/tensor_new.cpp:642.)
  out = torch.sparse.FloatTensor(idx.t(),vals).coalesce()
/home/victoriayang425/229_Project/taskers_utils.py:98: UserWarning: torch.sparse.SparseTensor(indices, values, *, device=) is deprecated.  Please use torch.sparse_coo_tensor(indices, values, dtype=, device=). (Triggered internally at /pytorch/torch/csrc/utils/tensor_new.cpp:642.)
  out = torch.sparse.FloatTensor(idx.t(),vals).coalesce()
/home/victoriayang425/229_Project/taskers_utils.py:98: UserWarning: torch.sparse.SparseTensor(indices, values, *, device=) is deprecated.  Please use torch.sparse_coo_tensor(indices, values, dtype=, device=). (Triggered internally at /pytorch/torch/csrc/utils/tensor_new.cpp:642.)
  out = torch.sparse.FloatTensor(idx.t(),vals).coalesce()
/home/victoriayang425/229_Project/taskers_utils.py:98: UserWarning: torch.sparse.SparseTensor(indices, values, *, device=) is deprecated.  Please use torch.sparse_coo_tensor(indices, values, dtype=, device=). (Triggered internally at /pytorch/torch/csrc/utils/tensor_new.cpp:642.)
  out = torch.sparse.FloatTensor(idx.t(),vals).coalesce()
/home/victoriayang425/229_Project/taskers_utils.py:98: UserWarning: torch.sparse.SparseTensor(indices, values, *, device=) is deprecated.  Please use torch.sparse_coo_tensor(indices, values, dtype=, device=). (Triggered internally at /pytorch/torch/csrc/utils/tensor_new.cpp:642.)
  out = torch.sparse.FloatTensor(idx.t(),vals).coalesce()
/home/victoriayang425/229_Project/taskers_utils.py:98: UserWarning: torch.sparse.SparseTensor(indices, values, *, device=) is deprecated.  Please use torch.sparse_coo_tensor(indices, values, dtype=, device=). (Triggered internally at /pytorch/torch/csrc/utils/tensor_new.cpp:642.)
  out = torch.sparse.FloatTensor(idx.t(),vals).coalesce()
/home/victoriayang425/229_Project/taskers_utils.py:98: UserWarning: torch.sparse.SparseTensor(indices, values, *, device=) is deprecated.  Please use torch.sparse_coo_tensor(indices, values, dtype=, device=). (Triggered internally at /pytorch/torch/csrc/utils/tensor_new.cpp:642.)
  out = torch.sparse.FloatTensor(idx.t(),vals).coalesce()
/home/victoriayang425/229_Project/taskers_utils.py:98: UserWarning: torch.sparse.SparseTensor(indices, values, *, device=) is deprecated.  Please use torch.sparse_coo_tensor(indices, values, dtype=, device=). (Triggered internally at /pytorch/torch/csrc/utils/tensor_new.cpp:642.)
  out = torch.sparse.FloatTensor(idx.t(),vals).coalesce()
/home/victoriayang425/229_Project/taskers_utils.py:98: UserWarning: torch.sparse.SparseTensor(indices, values, *, device=) is deprecated.  Please use torch.sparse_coo_tensor(indices, values, dtype=, device=). (Triggered internally at /pytorch/torch/csrc/utils/tensor_new.cpp:642.)
  out = torch.sparse.FloatTensor(idx.t(),vals).coalesce()
### w0) ep 11 - Best valid measure:0.6520584329349269
/home/victoriayang425/229_Project/taskers_utils.py:98: UserWarning: torch.sparse.SparseTensor(indices, values, *, device=) is deprecated.  Please use torch.sparse_coo_tensor(indices, values, dtype=, device=). (Triggered internally at /pytorch/torch/csrc/utils/tensor_new.cpp:642.)
  out = torch.sparse.FloatTensor(idx.t(),vals).coalesce()
/home/victoriayang425/229_Project/taskers_utils.py:98: UserWarning: torch.sparse.SparseTensor(indices, values, *, device=) is deprecated.  Please use torch.sparse_coo_tensor(indices, values, dtype=, device=). (Triggered internally at /pytorch/torch/csrc/utils/tensor_new.cpp:642.)
  out = torch.sparse.FloatTensor(idx.t(),vals).coalesce()
/home/victoriayang425/229_Project/taskers_utils.py:98: UserWarning: torch.sparse.SparseTensor(indices, values, *, device=) is deprecated.  Please use torch.sparse_coo_tensor(indices, values, dtype=, device=). (Triggered internally at /pytorch/torch/csrc/utils/tensor_new.cpp:642.)
  out = torch.sparse.FloatTensor(idx.t(),vals).coalesce()
/home/victoriayang425/229_Project/taskers_utils.py:98: UserWarning: torch.sparse.SparseTensor(indices, values, *, device=) is deprecated.  Please use torch.sparse_coo_tensor(indices, values, dtype=, device=). (Triggered internally at /pytorch/torch/csrc/utils/tensor_new.cpp:642.)
  out = torch.sparse.FloatTensor(idx.t(),vals).coalesce()
/home/victoriayang425/229_Project/taskers_utils.py:98: UserWarning: torch.sparse.SparseTensor(indices, values, *, device=) is deprecated.  Please use torch.sparse_coo_tensor(indices, values, dtype=, device=). (Triggered internally at /pytorch/torch/csrc/utils/tensor_new.cpp:642.)
  out = torch.sparse.FloatTensor(idx.t(),vals).coalesce()
/home/victoriayang425/229_Project/taskers_utils.py:98: UserWarning: torch.sparse.SparseTensor(indices, values, *, device=) is deprecated.  Please use torch.sparse_coo_tensor(indices, values, dtype=, device=). (Triggered internally at /pytorch/torch/csrc/utils/tensor_new.cpp:642.)
  out = torch.sparse.FloatTensor(idx.t(),vals).coalesce()
/home/victoriayang425/229_Project/taskers_utils.py:98: UserWarning: torch.sparse.SparseTensor(indices, values, *, device=) is deprecated.  Please use torch.sparse_coo_tensor(indices, values, dtype=, device=). (Triggered internally at /pytorch/torch/csrc/utils/tensor_new.cpp:642.)
  out = torch.sparse.FloatTensor(idx.t(),vals).coalesce()
/home/victoriayang425/229_Project/taskers_utils.py:98: UserWarning: torch.sparse.SparseTensor(indices, values, *, device=) is deprecated.  Please use torch.sparse_coo_tensor(indices, values, dtype=, device=). (Triggered internally at /pytorch/torch/csrc/utils/tensor_new.cpp:642.)
  out = torch.sparse.FloatTensor(idx.t(),vals).coalesce()
/home/victoriayang425/229_Project/taskers_utils.py:98: UserWarning: torch.sparse.SparseTensor(indices, values, *, device=) is deprecated.  Please use torch.sparse_coo_tensor(indices, values, dtype=, device=). (Triggered internally at /pytorch/torch/csrc/utils/tensor_new.cpp:642.)
  out = torch.sparse.FloatTensor(idx.t(),vals).coalesce()
/home/victoriayang425/229_Project/taskers_utils.py:98: UserWarning: torch.sparse.SparseTensor(indices, values, *, device=) is deprecated.  Please use torch.sparse_coo_tensor(indices, values, dtype=, device=). (Triggered internally at /pytorch/torch/csrc/utils/tensor_new.cpp:642.)
  out = torch.sparse.FloatTensor(idx.t(),vals).coalesce()
/home/victoriayang425/229_Project/taskers_utils.py:98: UserWarning: torch.sparse.SparseTensor(indices, values, *, device=) is deprecated.  Please use torch.sparse_coo_tensor(indices, values, dtype=, device=). (Triggered internally at /pytorch/torch/csrc/utils/tensor_new.cpp:642.)
  out = torch.sparse.FloatTensor(idx.t(),vals).coalesce()
/home/victoriayang425/229_Project/taskers_utils.py:98: UserWarning: torch.sparse.SparseTensor(indices, values, *, device=) is deprecated.  Please use torch.sparse_coo_tensor(indices, values, dtype=, device=). (Triggered internally at /pytorch/torch/csrc/utils/tensor_new.cpp:642.)
  out = torch.sparse.FloatTensor(idx.t(),vals).coalesce()
/home/victoriayang425/229_Project/taskers_utils.py:98: UserWarning: torch.sparse.SparseTensor(indices, values, *, device=) is deprecated.  Please use torch.sparse_coo_tensor(indices, values, dtype=, device=). (Triggered internally at /pytorch/torch/csrc/utils/tensor_new.cpp:642.)
  out = torch.sparse.FloatTensor(idx.t(),vals).coalesce()
/home/victoriayang425/229_Project/taskers_utils.py:98: UserWarning: torch.sparse.SparseTensor(indices, values, *, device=) is deprecated.  Please use torch.sparse_coo_tensor(indices, values, dtype=, device=). (Triggered internally at /pytorch/torch/csrc/utils/tensor_new.cpp:642.)
  out = torch.sparse.FloatTensor(idx.t(),vals).coalesce()
/home/victoriayang425/229_Project/taskers_utils.py:98: UserWarning: torch.sparse.SparseTensor(indices, values, *, device=) is deprecated.  Please use torch.sparse_coo_tensor(indices, values, dtype=, device=). (Triggered internally at /pytorch/torch/csrc/utils/tensor_new.cpp:642.)
  out = torch.sparse.FloatTensor(idx.t(),vals).coalesce()
/home/victoriayang425/229_Project/taskers_utils.py:98: UserWarning: torch.sparse.SparseTensor(indices, values, *, device=) is deprecated.  Please use torch.sparse_coo_tensor(indices, values, dtype=, device=). (Triggered internally at /pytorch/torch/csrc/utils/tensor_new.cpp:642.)
  out = torch.sparse.FloatTensor(idx.t(),vals).coalesce()
/home/victoriayang425/229_Project/taskers_utils.py:98: UserWarning: torch.sparse.SparseTensor(indices, values, *, device=) is deprecated.  Please use torch.sparse_coo_tensor(indices, values, dtype=, device=). (Triggered internally at /pytorch/torch/csrc/utils/tensor_new.cpp:642.)
  out = torch.sparse.FloatTensor(idx.t(),vals).coalesce()
/home/victoriayang425/229_Project/taskers_utils.py:98: UserWarning: torch.sparse.SparseTensor(indices, values, *, device=) is deprecated.  Please use torch.sparse_coo_tensor(indices, values, dtype=, device=). (Triggered internally at /pytorch/torch/csrc/utils/tensor_new.cpp:642.)
  out = torch.sparse.FloatTensor(idx.t(),vals).coalesce()
/home/victoriayang425/229_Project/taskers_utils.py:98: UserWarning: torch.sparse.SparseTensor(indices, values, *, device=) is deprecated.  Please use torch.sparse_coo_tensor(indices, values, dtype=, device=). (Triggered internally at /pytorch/torch/csrc/utils/tensor_new.cpp:642.)
  out = torch.sparse.FloatTensor(idx.t(),vals).coalesce()
/home/victoriayang425/229_Project/taskers_utils.py:98: UserWarning: torch.sparse.SparseTensor(indices, values, *, device=) is deprecated.  Please use torch.sparse_coo_tensor(indices, values, dtype=, device=). (Triggered internally at /pytorch/torch/csrc/utils/tensor_new.cpp:642.)
  out = torch.sparse.FloatTensor(idx.t(),vals).coalesce()
/home/victoriayang425/229_Project/taskers_utils.py:98: UserWarning: torch.sparse.SparseTensor(indices, values, *, device=) is deprecated.  Please use torch.sparse_coo_tensor(indices, values, dtype=, device=). (Triggered internally at /pytorch/torch/csrc/utils/tensor_new.cpp:642.)
  out = torch.sparse.FloatTensor(idx.t(),vals).coalesce()
/home/victoriayang425/229_Project/taskers_utils.py:98: UserWarning: torch.sparse.SparseTensor(indices, values, *, device=) is deprecated.  Please use torch.sparse_coo_tensor(indices, values, dtype=, device=). (Triggered internally at /pytorch/torch/csrc/utils/tensor_new.cpp:642.)
  out = torch.sparse.FloatTensor(idx.t(),vals).coalesce()
/home/victoriayang425/229_Project/taskers_utils.py:98: UserWarning: torch.sparse.SparseTensor(indices, values, *, device=) is deprecated.  Please use torch.sparse_coo_tensor(indices, values, dtype=, device=). (Triggered internally at /pytorch/torch/csrc/utils/tensor_new.cpp:642.)
  out = torch.sparse.FloatTensor(idx.t(),vals).coalesce()
/home/victoriayang425/229_Project/taskers_utils.py:98: UserWarning: torch.sparse.SparseTensor(indices, values, *, device=) is deprecated.  Please use torch.sparse_coo_tensor(indices, values, dtype=, device=). (Triggered internally at /pytorch/torch/csrc/utils/tensor_new.cpp:642.)
  out = torch.sparse.FloatTensor(idx.t(),vals).coalesce()
/home/victoriayang425/229_Project/taskers_utils.py:98: UserWarning: torch.sparse.SparseTensor(indices, values, *, device=) is deprecated.  Please use torch.sparse_coo_tensor(indices, values, dtype=, device=). (Triggered internally at /pytorch/torch/csrc/utils/tensor_new.cpp:642.)
  out = torch.sparse.FloatTensor(idx.t(),vals).coalesce()
/home/victoriayang425/229_Project/taskers_utils.py:98: UserWarning: torch.sparse.SparseTensor(indices, values, *, device=) is deprecated.  Please use torch.sparse_coo_tensor(indices, values, dtype=, device=). (Triggered internally at /pytorch/torch/csrc/utils/tensor_new.cpp:642.)
  out = torch.sparse.FloatTensor(idx.t(),vals).coalesce()
/home/victoriayang425/229_Project/taskers_utils.py:98: UserWarning: torch.sparse.SparseTensor(indices, values, *, device=) is deprecated.  Please use torch.sparse_coo_tensor(indices, values, dtype=, device=). (Triggered internally at /pytorch/torch/csrc/utils/tensor_new.cpp:642.)
  out = torch.sparse.FloatTensor(idx.t(),vals).coalesce()
/home/victoriayang425/229_Project/taskers_utils.py:98: UserWarning: torch.sparse.SparseTensor(indices, values, *, device=) is deprecated.  Please use torch.sparse_coo_tensor(indices, values, dtype=, device=). (Triggered internally at /pytorch/torch/csrc/utils/tensor_new.cpp:642.)
  out = torch.sparse.FloatTensor(idx.t(),vals).coalesce()
/home/victoriayang425/229_Project/taskers_utils.py:98: UserWarning: torch.sparse.SparseTensor(indices, values, *, device=) is deprecated.  Please use torch.sparse_coo_tensor(indices, values, dtype=, device=). (Triggered internally at /pytorch/torch/csrc/utils/tensor_new.cpp:642.)
  out = torch.sparse.FloatTensor(idx.t(),vals).coalesce()
/home/victoriayang425/229_Project/taskers_utils.py:98: UserWarning: torch.sparse.SparseTensor(indices, values, *, device=) is deprecated.  Please use torch.sparse_coo_tensor(indices, values, dtype=, device=). (Triggered internally at /pytorch/torch/csrc/utils/tensor_new.cpp:642.)
  out = torch.sparse.FloatTensor(idx.t(),vals).coalesce()
/home/victoriayang425/229_Project/taskers_utils.py:98: UserWarning: torch.sparse.SparseTensor(indices, values, *, device=) is deprecated.  Please use torch.sparse_coo_tensor(indices, values, dtype=, device=). (Triggered internally at /pytorch/torch/csrc/utils/tensor_new.cpp:642.)
  out = torch.sparse.FloatTensor(idx.t(),vals).coalesce()
/home/victoriayang425/229_Project/taskers_utils.py:98: UserWarning: torch.sparse.SparseTensor(indices, values, *, device=) is deprecated.  Please use torch.sparse_coo_tensor(indices, values, dtype=, device=). (Triggered internally at /pytorch/torch/csrc/utils/tensor_new.cpp:642.)
  out = torch.sparse.FloatTensor(idx.t(),vals).coalesce()
/home/victoriayang425/229_Project/taskers_utils.py:98: UserWarning: torch.sparse.SparseTensor(indices, values, *, device=) is deprecated.  Please use torch.sparse_coo_tensor(indices, values, dtype=, device=). (Triggered internally at /pytorch/torch/csrc/utils/tensor_new.cpp:642.)
  out = torch.sparse.FloatTensor(idx.t(),vals).coalesce()
/home/victoriayang425/229_Project/taskers_utils.py:98: UserWarning: torch.sparse.SparseTensor(indices, values, *, device=) is deprecated.  Please use torch.sparse_coo_tensor(indices, values, dtype=, device=). (Triggered internally at /pytorch/torch/csrc/utils/tensor_new.cpp:642.)
  out = torch.sparse.FloatTensor(idx.t(),vals).coalesce()
/home/victoriayang425/229_Project/taskers_utils.py:98: UserWarning: torch.sparse.SparseTensor(indices, values, *, device=) is deprecated.  Please use torch.sparse_coo_tensor(indices, values, dtype=, device=). (Triggered internally at /pytorch/torch/csrc/utils/tensor_new.cpp:642.)
  out = torch.sparse.FloatTensor(idx.t(),vals).coalesce()
/home/victoriayang425/229_Project/taskers_utils.py:98: UserWarning: torch.sparse.SparseTensor(indices, values, *, device=) is deprecated.  Please use torch.sparse_coo_tensor(indices, values, dtype=, device=). (Triggered internally at /pytorch/torch/csrc/utils/tensor_new.cpp:642.)
  out = torch.sparse.FloatTensor(idx.t(),vals).coalesce()
/home/victoriayang425/229_Project/taskers_utils.py:98: UserWarning: torch.sparse.SparseTensor(indices, values, *, device=) is deprecated.  Please use torch.sparse_coo_tensor(indices, values, dtype=, device=). (Triggered internally at /pytorch/torch/csrc/utils/tensor_new.cpp:642.)
  out = torch.sparse.FloatTensor(idx.t(),vals).coalesce()
/home/victoriayang425/229_Project/taskers_utils.py:98: UserWarning: torch.sparse.SparseTensor(indices, values, *, device=) is deprecated.  Please use torch.sparse_coo_tensor(indices, values, dtype=, device=). (Triggered internally at /pytorch/torch/csrc/utils/tensor_new.cpp:642.)
  out = torch.sparse.FloatTensor(idx.t(),vals).coalesce()
/home/victoriayang425/229_Project/taskers_utils.py:98: UserWarning: torch.sparse.SparseTensor(indices, values, *, device=) is deprecated.  Please use torch.sparse_coo_tensor(indices, values, dtype=, device=). (Triggered internally at /pytorch/torch/csrc/utils/tensor_new.cpp:642.)
  out = torch.sparse.FloatTensor(idx.t(),vals).coalesce()
/home/victoriayang425/229_Project/taskers_utils.py:98: UserWarning: torch.sparse.SparseTensor(indices, values, *, device=) is deprecated.  Please use torch.sparse_coo_tensor(indices, values, dtype=, device=). (Triggered internally at /pytorch/torch/csrc/utils/tensor_new.cpp:642.)
  out = torch.sparse.FloatTensor(idx.t(),vals).coalesce()
/home/victoriayang425/229_Project/taskers_utils.py:98: UserWarning: torch.sparse.SparseTensor(indices, values, *, device=) is deprecated.  Please use torch.sparse_coo_tensor(indices, values, dtype=, device=). (Triggered internally at /pytorch/torch/csrc/utils/tensor_new.cpp:642.)
  out = torch.sparse.FloatTensor(idx.t(),vals).coalesce()
/home/victoriayang425/229_Project/taskers_utils.py:98: UserWarning: torch.sparse.SparseTensor(indices, values, *, device=) is deprecated.  Please use torch.sparse_coo_tensor(indices, values, dtype=, device=). (Triggered internally at /pytorch/torch/csrc/utils/tensor_new.cpp:642.)
  out = torch.sparse.FloatTensor(idx.t(),vals).coalesce()
/home/victoriayang425/229_Project/taskers_utils.py:98: UserWarning: torch.sparse.SparseTensor(indices, values, *, device=) is deprecated.  Please use torch.sparse_coo_tensor(indices, values, dtype=, device=). (Triggered internally at /pytorch/torch/csrc/utils/tensor_new.cpp:642.)
  out = torch.sparse.FloatTensor(idx.t(),vals).coalesce()
/home/victoriayang425/229_Project/taskers_utils.py:98: UserWarning: torch.sparse.SparseTensor(indices, values, *, device=) is deprecated.  Please use torch.sparse_coo_tensor(indices, values, dtype=, device=). (Triggered internally at /pytorch/torch/csrc/utils/tensor_new.cpp:642.)
  out = torch.sparse.FloatTensor(idx.t(),vals).coalesce()
/home/victoriayang425/229_Project/taskers_utils.py:98: UserWarning: torch.sparse.SparseTensor(indices, values, *, device=) is deprecated.  Please use torch.sparse_coo_tensor(indices, values, dtype=, device=). (Triggered internally at /pytorch/torch/csrc/utils/tensor_new.cpp:642.)
  out = torch.sparse.FloatTensor(idx.t(),vals).coalesce()
/home/victoriayang425/229_Project/taskers_utils.py:98: UserWarning: torch.sparse.SparseTensor(indices, values, *, device=) is deprecated.  Please use torch.sparse_coo_tensor(indices, values, dtype=, device=). (Triggered internally at /pytorch/torch/csrc/utils/tensor_new.cpp:642.)
  out = torch.sparse.FloatTensor(idx.t(),vals).coalesce()
/home/victoriayang425/229_Project/taskers_utils.py:98: UserWarning: torch.sparse.SparseTensor(indices, values, *, device=) is deprecated.  Please use torch.sparse_coo_tensor(indices, values, dtype=, device=). (Triggered internally at /pytorch/torch/csrc/utils/tensor_new.cpp:642.)
  out = torch.sparse.FloatTensor(idx.t(),vals).coalesce()
/home/victoriayang425/229_Project/taskers_utils.py:98: UserWarning: torch.sparse.SparseTensor(indices, values, *, device=) is deprecated.  Please use torch.sparse_coo_tensor(indices, values, dtype=, device=). (Triggered internally at /pytorch/torch/csrc/utils/tensor_new.cpp:642.)
  out = torch.sparse.FloatTensor(idx.t(),vals).coalesce()
/home/victoriayang425/229_Project/taskers_utils.py:98: UserWarning: torch.sparse.SparseTensor(indices, values, *, device=) is deprecated.  Please use torch.sparse_coo_tensor(indices, values, dtype=, device=). (Triggered internally at /pytorch/torch/csrc/utils/tensor_new.cpp:642.)
  out = torch.sparse.FloatTensor(idx.t(),vals).coalesce()
/home/victoriayang425/229_Project/taskers_utils.py:98: UserWarning: torch.sparse.SparseTensor(indices, values, *, device=) is deprecated.  Please use torch.sparse_coo_tensor(indices, values, dtype=, device=). (Triggered internally at /pytorch/torch/csrc/utils/tensor_new.cpp:642.)
  out = torch.sparse.FloatTensor(idx.t(),vals).coalesce()
/home/victoriayang425/229_Project/taskers_utils.py:98: UserWarning: torch.sparse.SparseTensor(indices, values, *, device=) is deprecated.  Please use torch.sparse_coo_tensor(indices, values, dtype=, device=). (Triggered internally at /pytorch/torch/csrc/utils/tensor_new.cpp:642.)
  out = torch.sparse.FloatTensor(idx.t(),vals).coalesce()
/home/victoriayang425/229_Project/taskers_utils.py:98: UserWarning: torch.sparse.SparseTensor(indices, values, *, device=) is deprecated.  Please use torch.sparse_coo_tensor(indices, values, dtype=, device=). (Triggered internally at /pytorch/torch/csrc/utils/tensor_new.cpp:642.)
  out = torch.sparse.FloatTensor(idx.t(),vals).coalesce()
/home/victoriayang425/229_Project/taskers_utils.py:98: UserWarning: torch.sparse.SparseTensor(indices, values, *, device=) is deprecated.  Please use torch.sparse_coo_tensor(indices, values, dtype=, device=). (Triggered internally at /pytorch/torch/csrc/utils/tensor_new.cpp:642.)
  out = torch.sparse.FloatTensor(idx.t(),vals).coalesce()
/home/victoriayang425/229_Project/taskers_utils.py:98: UserWarning: torch.sparse.SparseTensor(indices, values, *, device=) is deprecated.  Please use torch.sparse_coo_tensor(indices, values, dtype=, device=). (Triggered internally at /pytorch/torch/csrc/utils/tensor_new.cpp:642.)
  out = torch.sparse.FloatTensor(idx.t(),vals).coalesce()
/home/victoriayang425/229_Project/taskers_utils.py:98: UserWarning: torch.sparse.SparseTensor(indices, values, *, device=) is deprecated.  Please use torch.sparse_coo_tensor(indices, values, dtype=, device=). (Triggered internally at /pytorch/torch/csrc/utils/tensor_new.cpp:642.)
  out = torch.sparse.FloatTensor(idx.t(),vals).coalesce()
/home/victoriayang425/229_Project/taskers_utils.py:98: UserWarning: torch.sparse.SparseTensor(indices, values, *, device=) is deprecated.  Please use torch.sparse_coo_tensor(indices, values, dtype=, device=). (Triggered internally at /pytorch/torch/csrc/utils/tensor_new.cpp:642.)
  out = torch.sparse.FloatTensor(idx.t(),vals).coalesce()
/home/victoriayang425/229_Project/taskers_utils.py:98: UserWarning: torch.sparse.SparseTensor(indices, values, *, device=) is deprecated.  Please use torch.sparse_coo_tensor(indices, values, dtype=, device=). (Triggered internally at /pytorch/torch/csrc/utils/tensor_new.cpp:642.)
  out = torch.sparse.FloatTensor(idx.t(),vals).coalesce()
/home/victoriayang425/229_Project/taskers_utils.py:98: UserWarning: torch.sparse.SparseTensor(indices, values, *, device=) is deprecated.  Please use torch.sparse_coo_tensor(indices, values, dtype=, device=). (Triggered internally at /pytorch/torch/csrc/utils/tensor_new.cpp:642.)
  out = torch.sparse.FloatTensor(idx.t(),vals).coalesce()
/home/victoriayang425/229_Project/taskers_utils.py:98: UserWarning: torch.sparse.SparseTensor(indices, values, *, device=) is deprecated.  Please use torch.sparse_coo_tensor(indices, values, dtype=, device=). (Triggered internally at /pytorch/torch/csrc/utils/tensor_new.cpp:642.)
  out = torch.sparse.FloatTensor(idx.t(),vals).coalesce()
/home/victoriayang425/229_Project/taskers_utils.py:98: UserWarning: torch.sparse.SparseTensor(indices, values, *, device=) is deprecated.  Please use torch.sparse_coo_tensor(indices, values, dtype=, device=). (Triggered internally at /pytorch/torch/csrc/utils/tensor_new.cpp:642.)
  out = torch.sparse.FloatTensor(idx.t(),vals).coalesce()
/home/victoriayang425/229_Project/taskers_utils.py:98: UserWarning: torch.sparse.SparseTensor(indices, values, *, device=) is deprecated.  Please use torch.sparse_coo_tensor(indices, values, dtype=, device=). (Triggered internally at /pytorch/torch/csrc/utils/tensor_new.cpp:642.)
  out = torch.sparse.FloatTensor(idx.t(),vals).coalesce()
/home/victoriayang425/229_Project/taskers_utils.py:98: UserWarning: torch.sparse.SparseTensor(indices, values, *, device=) is deprecated.  Please use torch.sparse_coo_tensor(indices, values, dtype=, device=). (Triggered internally at /pytorch/torch/csrc/utils/tensor_new.cpp:642.)
  out = torch.sparse.FloatTensor(idx.t(),vals).coalesce()
/home/victoriayang425/229_Project/taskers_utils.py:98: UserWarning: torch.sparse.SparseTensor(indices, values, *, device=) is deprecated.  Please use torch.sparse_coo_tensor(indices, values, dtype=, device=). (Triggered internally at /pytorch/torch/csrc/utils/tensor_new.cpp:642.)
  out = torch.sparse.FloatTensor(idx.t(),vals).coalesce()
/home/victoriayang425/229_Project/taskers_utils.py:98: UserWarning: torch.sparse.SparseTensor(indices, values, *, device=) is deprecated.  Please use torch.sparse_coo_tensor(indices, values, dtype=, device=). (Triggered internally at /pytorch/torch/csrc/utils/tensor_new.cpp:642.)
  out = torch.sparse.FloatTensor(idx.t(),vals).coalesce()
/home/victoriayang425/229_Project/taskers_utils.py:98: UserWarning: torch.sparse.SparseTensor(indices, values, *, device=) is deprecated.  Please use torch.sparse_coo_tensor(indices, values, dtype=, device=). (Triggered internally at /pytorch/torch/csrc/utils/tensor_new.cpp:642.)
  out = torch.sparse.FloatTensor(idx.t(),vals).coalesce()
/home/victoriayang425/229_Project/taskers_utils.py:98: UserWarning: torch.sparse.SparseTensor(indices, values, *, device=) is deprecated.  Please use torch.sparse_coo_tensor(indices, values, dtype=, device=). (Triggered internally at /pytorch/torch/csrc/utils/tensor_new.cpp:642.)
  out = torch.sparse.FloatTensor(idx.t(),vals).coalesce()
/home/victoriayang425/229_Project/taskers_utils.py:98: UserWarning: torch.sparse.SparseTensor(indices, values, *, device=) is deprecated.  Please use torch.sparse_coo_tensor(indices, values, dtype=, device=). (Triggered internally at /pytorch/torch/csrc/utils/tensor_new.cpp:642.)
  out = torch.sparse.FloatTensor(idx.t(),vals).coalesce()
/home/victoriayang425/229_Project/taskers_utils.py:98: UserWarning: torch.sparse.SparseTensor(indices, values, *, device=) is deprecated.  Please use torch.sparse_coo_tensor(indices, values, dtype=, device=). (Triggered internally at /pytorch/torch/csrc/utils/tensor_new.cpp:642.)
  out = torch.sparse.FloatTensor(idx.t(),vals).coalesce()
/home/victoriayang425/229_Project/taskers_utils.py:98: UserWarning: torch.sparse.SparseTensor(indices, values, *, device=) is deprecated.  Please use torch.sparse_coo_tensor(indices, values, dtype=, device=). (Triggered internally at /pytorch/torch/csrc/utils/tensor_new.cpp:642.)
  out = torch.sparse.FloatTensor(idx.t(),vals).coalesce()
/home/victoriayang425/229_Project/taskers_utils.py:98: UserWarning: torch.sparse.SparseTensor(indices, values, *, device=) is deprecated.  Please use torch.sparse_coo_tensor(indices, values, dtype=, device=). (Triggered internally at /pytorch/torch/csrc/utils/tensor_new.cpp:642.)
  out = torch.sparse.FloatTensor(idx.t(),vals).coalesce()
/home/victoriayang425/229_Project/taskers_utils.py:98: UserWarning: torch.sparse.SparseTensor(indices, values, *, device=) is deprecated.  Please use torch.sparse_coo_tensor(indices, values, dtype=, device=). (Triggered internally at /pytorch/torch/csrc/utils/tensor_new.cpp:642.)
  out = torch.sparse.FloatTensor(idx.t(),vals).coalesce()
/home/victoriayang425/229_Project/taskers_utils.py:98: UserWarning: torch.sparse.SparseTensor(indices, values, *, device=) is deprecated.  Please use torch.sparse_coo_tensor(indices, values, dtype=, device=). (Triggered internally at /pytorch/torch/csrc/utils/tensor_new.cpp:642.)
  out = torch.sparse.FloatTensor(idx.t(),vals).coalesce()
/home/victoriayang425/229_Project/taskers_utils.py:98: UserWarning: torch.sparse.SparseTensor(indices, values, *, device=) is deprecated.  Please use torch.sparse_coo_tensor(indices, values, dtype=, device=). (Triggered internally at /pytorch/torch/csrc/utils/tensor_new.cpp:642.)
  out = torch.sparse.FloatTensor(idx.t(),vals).coalesce()
/home/victoriayang425/229_Project/taskers_utils.py:98: UserWarning: torch.sparse.SparseTensor(indices, values, *, device=) is deprecated.  Please use torch.sparse_coo_tensor(indices, values, dtype=, device=). (Triggered internally at /pytorch/torch/csrc/utils/tensor_new.cpp:642.)
  out = torch.sparse.FloatTensor(idx.t(),vals).coalesce()
/home/victoriayang425/229_Project/taskers_utils.py:98: UserWarning: torch.sparse.SparseTensor(indices, values, *, device=) is deprecated.  Please use torch.sparse_coo_tensor(indices, values, dtype=, device=). (Triggered internally at /pytorch/torch/csrc/utils/tensor_new.cpp:642.)
  out = torch.sparse.FloatTensor(idx.t(),vals).coalesce()
/home/victoriayang425/229_Project/taskers_utils.py:98: UserWarning: torch.sparse.SparseTensor(indices, values, *, device=) is deprecated.  Please use torch.sparse_coo_tensor(indices, values, dtype=, device=). (Triggered internally at /pytorch/torch/csrc/utils/tensor_new.cpp:642.)
  out = torch.sparse.FloatTensor(idx.t(),vals).coalesce()
/home/victoriayang425/229_Project/taskers_utils.py:98: UserWarning: torch.sparse.SparseTensor(indices, values, *, device=) is deprecated.  Please use torch.sparse_coo_tensor(indices, values, dtype=, device=). (Triggered internally at /pytorch/torch/csrc/utils/tensor_new.cpp:642.)
  out = torch.sparse.FloatTensor(idx.t(),vals).coalesce()
/home/victoriayang425/229_Project/taskers_utils.py:98: UserWarning: torch.sparse.SparseTensor(indices, values, *, device=) is deprecated.  Please use torch.sparse_coo_tensor(indices, values, dtype=, device=). (Triggered internally at /pytorch/torch/csrc/utils/tensor_new.cpp:642.)
  out = torch.sparse.FloatTensor(idx.t(),vals).coalesce()
/home/victoriayang425/229_Project/taskers_utils.py:98: UserWarning: torch.sparse.SparseTensor(indices, values, *, device=) is deprecated.  Please use torch.sparse_coo_tensor(indices, values, dtype=, device=). (Triggered internally at /pytorch/torch/csrc/utils/tensor_new.cpp:642.)
  out = torch.sparse.FloatTensor(idx.t(),vals).coalesce()
/home/victoriayang425/229_Project/taskers_utils.py:98: UserWarning: torch.sparse.SparseTensor(indices, values, *, device=) is deprecated.  Please use torch.sparse_coo_tensor(indices, values, dtype=, device=). (Triggered internally at /pytorch/torch/csrc/utils/tensor_new.cpp:642.)
  out = torch.sparse.FloatTensor(idx.t(),vals).coalesce()
/home/victoriayang425/229_Project/taskers_utils.py:98: UserWarning: torch.sparse.SparseTensor(indices, values, *, device=) is deprecated.  Please use torch.sparse_coo_tensor(indices, values, dtype=, device=). (Triggered internally at /pytorch/torch/csrc/utils/tensor_new.cpp:642.)
  out = torch.sparse.FloatTensor(idx.t(),vals).coalesce()
/home/victoriayang425/229_Project/taskers_utils.py:98: UserWarning: torch.sparse.SparseTensor(indices, values, *, device=) is deprecated.  Please use torch.sparse_coo_tensor(indices, values, dtype=, device=). (Triggered internally at /pytorch/torch/csrc/utils/tensor_new.cpp:642.)
  out = torch.sparse.FloatTensor(idx.t(),vals).coalesce()
/home/victoriayang425/229_Project/taskers_utils.py:98: UserWarning: torch.sparse.SparseTensor(indices, values, *, device=) is deprecated.  Please use torch.sparse_coo_tensor(indices, values, dtype=, device=). (Triggered internally at /pytorch/torch/csrc/utils/tensor_new.cpp:642.)
  out = torch.sparse.FloatTensor(idx.t(),vals).coalesce()
/home/victoriayang425/229_Project/taskers_utils.py:98: UserWarning: torch.sparse.SparseTensor(indices, values, *, device=) is deprecated.  Please use torch.sparse_coo_tensor(indices, values, dtype=, device=). (Triggered internally at /pytorch/torch/csrc/utils/tensor_new.cpp:642.)
  out = torch.sparse.FloatTensor(idx.t(),vals).coalesce()
/home/victoriayang425/229_Project/taskers_utils.py:98: UserWarning: torch.sparse.SparseTensor(indices, values, *, device=) is deprecated.  Please use torch.sparse_coo_tensor(indices, values, dtype=, device=). (Triggered internally at /pytorch/torch/csrc/utils/tensor_new.cpp:642.)
  out = torch.sparse.FloatTensor(idx.t(),vals).coalesce()
/home/victoriayang425/229_Project/taskers_utils.py:98: UserWarning: torch.sparse.SparseTensor(indices, values, *, device=) is deprecated.  Please use torch.sparse_coo_tensor(indices, values, dtype=, device=). (Triggered internally at /pytorch/torch/csrc/utils/tensor_new.cpp:642.)
  out = torch.sparse.FloatTensor(idx.t(),vals).coalesce()
/home/victoriayang425/229_Project/taskers_utils.py:98: UserWarning: torch.sparse.SparseTensor(indices, values, *, device=) is deprecated.  Please use torch.sparse_coo_tensor(indices, values, dtype=, device=). (Triggered internally at /pytorch/torch/csrc/utils/tensor_new.cpp:642.)
  out = torch.sparse.FloatTensor(idx.t(),vals).coalesce()
/home/victoriayang425/229_Project/taskers_utils.py:98: UserWarning: torch.sparse.SparseTensor(indices, values, *, device=) is deprecated.  Please use torch.sparse_coo_tensor(indices, values, dtype=, device=). (Triggered internally at /pytorch/torch/csrc/utils/tensor_new.cpp:642.)
  out = torch.sparse.FloatTensor(idx.t(),vals).coalesce()
/home/victoriayang425/229_Project/taskers_utils.py:98: UserWarning: torch.sparse.SparseTensor(indices, values, *, device=) is deprecated.  Please use torch.sparse_coo_tensor(indices, values, dtype=, device=). (Triggered internally at /pytorch/torch/csrc/utils/tensor_new.cpp:642.)
  out = torch.sparse.FloatTensor(idx.t(),vals).coalesce()
/home/victoriayang425/229_Project/taskers_utils.py:98: UserWarning: torch.sparse.SparseTensor(indices, values, *, device=) is deprecated.  Please use torch.sparse_coo_tensor(indices, values, dtype=, device=). (Triggered internally at /pytorch/torch/csrc/utils/tensor_new.cpp:642.)
  out = torch.sparse.FloatTensor(idx.t(),vals).coalesce()
/home/victoriayang425/229_Project/taskers_utils.py:98: UserWarning: torch.sparse.SparseTensor(indices, values, *, device=) is deprecated.  Please use torch.sparse_coo_tensor(indices, values, dtype=, device=). (Triggered internally at /pytorch/torch/csrc/utils/tensor_new.cpp:642.)
  out = torch.sparse.FloatTensor(idx.t(),vals).coalesce()
/home/victoriayang425/229_Project/taskers_utils.py:98: UserWarning: torch.sparse.SparseTensor(indices, values, *, device=) is deprecated.  Please use torch.sparse_coo_tensor(indices, values, dtype=, device=). (Triggered internally at /pytorch/torch/csrc/utils/tensor_new.cpp:642.)
  out = torch.sparse.FloatTensor(idx.t(),vals).coalesce()
/home/victoriayang425/229_Project/taskers_utils.py:98: UserWarning: torch.sparse.SparseTensor(indices, values, *, device=) is deprecated.  Please use torch.sparse_coo_tensor(indices, values, dtype=, device=). (Triggered internally at /pytorch/torch/csrc/utils/tensor_new.cpp:642.)
  out = torch.sparse.FloatTensor(idx.t(),vals).coalesce()
/home/victoriayang425/229_Project/taskers_utils.py:98: UserWarning: torch.sparse.SparseTensor(indices, values, *, device=) is deprecated.  Please use torch.sparse_coo_tensor(indices, values, dtype=, device=). (Triggered internally at /pytorch/torch/csrc/utils/tensor_new.cpp:642.)
  out = torch.sparse.FloatTensor(idx.t(),vals).coalesce()
/home/victoriayang425/229_Project/taskers_utils.py:98: UserWarning: torch.sparse.SparseTensor(indices, values, *, device=) is deprecated.  Please use torch.sparse_coo_tensor(indices, values, dtype=, device=). (Triggered internally at /pytorch/torch/csrc/utils/tensor_new.cpp:642.)
  out = torch.sparse.FloatTensor(idx.t(),vals).coalesce()
/home/victoriayang425/229_Project/taskers_utils.py:98: UserWarning: torch.sparse.SparseTensor(indices, values, *, device=) is deprecated.  Please use torch.sparse_coo_tensor(indices, values, dtype=, device=). (Triggered internally at /pytorch/torch/csrc/utils/tensor_new.cpp:642.)
  out = torch.sparse.FloatTensor(idx.t(),vals).coalesce()
/home/victoriayang425/229_Project/taskers_utils.py:98: UserWarning: torch.sparse.SparseTensor(indices, values, *, device=) is deprecated.  Please use torch.sparse_coo_tensor(indices, values, dtype=, device=). (Triggered internally at /pytorch/torch/csrc/utils/tensor_new.cpp:642.)
  out = torch.sparse.FloatTensor(idx.t(),vals).coalesce()
/home/victoriayang425/229_Project/taskers_utils.py:98: UserWarning: torch.sparse.SparseTensor(indices, values, *, device=) is deprecated.  Please use torch.sparse_coo_tensor(indices, values, dtype=, device=). (Triggered internally at /pytorch/torch/csrc/utils/tensor_new.cpp:642.)
  out = torch.sparse.FloatTensor(idx.t(),vals).coalesce()
/home/victoriayang425/229_Project/taskers_utils.py:98: UserWarning: torch.sparse.SparseTensor(indices, values, *, device=) is deprecated.  Please use torch.sparse_coo_tensor(indices, values, dtype=, device=). (Triggered internally at /pytorch/torch/csrc/utils/tensor_new.cpp:642.)
  out = torch.sparse.FloatTensor(idx.t(),vals).coalesce()
/home/victoriayang425/229_Project/taskers_utils.py:98: UserWarning: torch.sparse.SparseTensor(indices, values, *, device=) is deprecated.  Please use torch.sparse_coo_tensor(indices, values, dtype=, device=). (Triggered internally at /pytorch/torch/csrc/utils/tensor_new.cpp:642.)
  out = torch.sparse.FloatTensor(idx.t(),vals).coalesce()
/home/victoriayang425/229_Project/taskers_utils.py:98: UserWarning: torch.sparse.SparseTensor(indices, values, *, device=) is deprecated.  Please use torch.sparse_coo_tensor(indices, values, dtype=, device=). (Triggered internally at /pytorch/torch/csrc/utils/tensor_new.cpp:642.)
  out = torch.sparse.FloatTensor(idx.t(),vals).coalesce()
/home/victoriayang425/229_Project/taskers_utils.py:98: UserWarning: torch.sparse.SparseTensor(indices, values, *, device=) is deprecated.  Please use torch.sparse_coo_tensor(indices, values, dtype=, device=). (Triggered internally at /pytorch/torch/csrc/utils/tensor_new.cpp:642.)
  out = torch.sparse.FloatTensor(idx.t(),vals).coalesce()
/home/victoriayang425/229_Project/taskers_utils.py:98: UserWarning: torch.sparse.SparseTensor(indices, values, *, device=) is deprecated.  Please use torch.sparse_coo_tensor(indices, values, dtype=, device=). (Triggered internally at /pytorch/torch/csrc/utils/tensor_new.cpp:642.)
  out = torch.sparse.FloatTensor(idx.t(),vals).coalesce()
/home/victoriayang425/229_Project/taskers_utils.py:98: UserWarning: torch.sparse.SparseTensor(indices, values, *, device=) is deprecated.  Please use torch.sparse_coo_tensor(indices, values, dtype=, device=). (Triggered internally at /pytorch/torch/csrc/utils/tensor_new.cpp:642.)
  out = torch.sparse.FloatTensor(idx.t(),vals).coalesce()
/home/victoriayang425/229_Project/taskers_utils.py:98: UserWarning: torch.sparse.SparseTensor(indices, values, *, device=) is deprecated.  Please use torch.sparse_coo_tensor(indices, values, dtype=, device=). (Triggered internally at /pytorch/torch/csrc/utils/tensor_new.cpp:642.)
  out = torch.sparse.FloatTensor(idx.t(),vals).coalesce()
/home/victoriayang425/229_Project/taskers_utils.py:98: UserWarning: torch.sparse.SparseTensor(indices, values, *, device=) is deprecated.  Please use torch.sparse_coo_tensor(indices, values, dtype=, device=). (Triggered internally at /pytorch/torch/csrc/utils/tensor_new.cpp:642.)
  out = torch.sparse.FloatTensor(idx.t(),vals).coalesce()
/home/victoriayang425/229_Project/taskers_utils.py:98: UserWarning: torch.sparse.SparseTensor(indices, values, *, device=) is deprecated.  Please use torch.sparse_coo_tensor(indices, values, dtype=, device=). (Triggered internally at /pytorch/torch/csrc/utils/tensor_new.cpp:642.)
  out = torch.sparse.FloatTensor(idx.t(),vals).coalesce()
/home/victoriayang425/229_Project/taskers_utils.py:98: UserWarning: torch.sparse.SparseTensor(indices, values, *, device=) is deprecated.  Please use torch.sparse_coo_tensor(indices, values, dtype=, device=). (Triggered internally at /pytorch/torch/csrc/utils/tensor_new.cpp:642.)
  out = torch.sparse.FloatTensor(idx.t(),vals).coalesce()
/home/victoriayang425/229_Project/taskers_utils.py:98: UserWarning: torch.sparse.SparseTensor(indices, values, *, device=) is deprecated.  Please use torch.sparse_coo_tensor(indices, values, dtype=, device=). (Triggered internally at /pytorch/torch/csrc/utils/tensor_new.cpp:642.)
  out = torch.sparse.FloatTensor(idx.t(),vals).coalesce()
/home/victoriayang425/229_Project/taskers_utils.py:98: UserWarning: torch.sparse.SparseTensor(indices, values, *, device=) is deprecated.  Please use torch.sparse_coo_tensor(indices, values, dtype=, device=). (Triggered internally at /pytorch/torch/csrc/utils/tensor_new.cpp:642.)
  out = torch.sparse.FloatTensor(idx.t(),vals).coalesce()
/home/victoriayang425/229_Project/taskers_utils.py:98: UserWarning: torch.sparse.SparseTensor(indices, values, *, device=) is deprecated.  Please use torch.sparse_coo_tensor(indices, values, dtype=, device=). (Triggered internally at /pytorch/torch/csrc/utils/tensor_new.cpp:642.)
  out = torch.sparse.FloatTensor(idx.t(),vals).coalesce()
/home/victoriayang425/229_Project/taskers_utils.py:98: UserWarning: torch.sparse.SparseTensor(indices, values, *, device=) is deprecated.  Please use torch.sparse_coo_tensor(indices, values, dtype=, device=). (Triggered internally at /pytorch/torch/csrc/utils/tensor_new.cpp:642.)
  out = torch.sparse.FloatTensor(idx.t(),vals).coalesce()
/home/victoriayang425/229_Project/taskers_utils.py:98: UserWarning: torch.sparse.SparseTensor(indices, values, *, device=) is deprecated.  Please use torch.sparse_coo_tensor(indices, values, dtype=, device=). (Triggered internally at /pytorch/torch/csrc/utils/tensor_new.cpp:642.)
  out = torch.sparse.FloatTensor(idx.t(),vals).coalesce()
/home/victoriayang425/229_Project/taskers_utils.py:98: UserWarning: torch.sparse.SparseTensor(indices, values, *, device=) is deprecated.  Please use torch.sparse_coo_tensor(indices, values, dtype=, device=). (Triggered internally at /pytorch/torch/csrc/utils/tensor_new.cpp:642.)
  out = torch.sparse.FloatTensor(idx.t(),vals).coalesce()
/home/victoriayang425/229_Project/taskers_utils.py:98: UserWarning: torch.sparse.SparseTensor(indices, values, *, device=) is deprecated.  Please use torch.sparse_coo_tensor(indices, values, dtype=, device=). (Triggered internally at /pytorch/torch/csrc/utils/tensor_new.cpp:642.)
  out = torch.sparse.FloatTensor(idx.t(),vals).coalesce()
/home/victoriayang425/229_Project/taskers_utils.py:98: UserWarning: torch.sparse.SparseTensor(indices, values, *, device=) is deprecated.  Please use torch.sparse_coo_tensor(indices, values, dtype=, device=). (Triggered internally at /pytorch/torch/csrc/utils/tensor_new.cpp:642.)
  out = torch.sparse.FloatTensor(idx.t(),vals).coalesce()
### w0) ep 21 - Best valid measure:0.6679764243614932
/home/victoriayang425/229_Project/taskers_utils.py:98: UserWarning: torch.sparse.SparseTensor(indices, values, *, device=) is deprecated.  Please use torch.sparse_coo_tensor(indices, values, dtype=, device=). (Triggered internally at /pytorch/torch/csrc/utils/tensor_new.cpp:642.)
  out = torch.sparse.FloatTensor(idx.t(),vals).coalesce()
/home/victoriayang425/229_Project/taskers_utils.py:98: UserWarning: torch.sparse.SparseTensor(indices, values, *, device=) is deprecated.  Please use torch.sparse_coo_tensor(indices, values, dtype=, device=). (Triggered internally at /pytorch/torch/csrc/utils/tensor_new.cpp:642.)
  out = torch.sparse.FloatTensor(idx.t(),vals).coalesce()
/home/victoriayang425/229_Project/taskers_utils.py:98: UserWarning: torch.sparse.SparseTensor(indices, values, *, device=) is deprecated.  Please use torch.sparse_coo_tensor(indices, values, dtype=, device=). (Triggered internally at /pytorch/torch/csrc/utils/tensor_new.cpp:642.)
  out = torch.sparse.FloatTensor(idx.t(),vals).coalesce()
/home/victoriayang425/229_Project/taskers_utils.py:98: UserWarning: torch.sparse.SparseTensor(indices, values, *, device=) is deprecated.  Please use torch.sparse_coo_tensor(indices, values, dtype=, device=). (Triggered internally at /pytorch/torch/csrc/utils/tensor_new.cpp:642.)
  out = torch.sparse.FloatTensor(idx.t(),vals).coalesce()
/home/victoriayang425/229_Project/taskers_utils.py:98: UserWarning: torch.sparse.SparseTensor(indices, values, *, device=) is deprecated.  Please use torch.sparse_coo_tensor(indices, values, dtype=, device=). (Triggered internally at /pytorch/torch/csrc/utils/tensor_new.cpp:642.)
  out = torch.sparse.FloatTensor(idx.t(),vals).coalesce()
/home/victoriayang425/229_Project/taskers_utils.py:98: UserWarning: torch.sparse.SparseTensor(indices, values, *, device=) is deprecated.  Please use torch.sparse_coo_tensor(indices, values, dtype=, device=). (Triggered internally at /pytorch/torch/csrc/utils/tensor_new.cpp:642.)
  out = torch.sparse.FloatTensor(idx.t(),vals).coalesce()
/home/victoriayang425/229_Project/taskers_utils.py:98: UserWarning: torch.sparse.SparseTensor(indices, values, *, device=) is deprecated.  Please use torch.sparse_coo_tensor(indices, values, dtype=, device=). (Triggered internally at /pytorch/torch/csrc/utils/tensor_new.cpp:642.)
  out = torch.sparse.FloatTensor(idx.t(),vals).coalesce()
/home/victoriayang425/229_Project/taskers_utils.py:98: UserWarning: torch.sparse.SparseTensor(indices, values, *, device=) is deprecated.  Please use torch.sparse_coo_tensor(indices, values, dtype=, device=). (Triggered internally at /pytorch/torch/csrc/utils/tensor_new.cpp:642.)
  out = torch.sparse.FloatTensor(idx.t(),vals).coalesce()
/home/victoriayang425/229_Project/taskers_utils.py:98: UserWarning: torch.sparse.SparseTensor(indices, values, *, device=) is deprecated.  Please use torch.sparse_coo_tensor(indices, values, dtype=, device=). (Triggered internally at /pytorch/torch/csrc/utils/tensor_new.cpp:642.)
  out = torch.sparse.FloatTensor(idx.t(),vals).coalesce()
/home/victoriayang425/229_Project/taskers_utils.py:98: UserWarning: torch.sparse.SparseTensor(indices, values, *, device=) is deprecated.  Please use torch.sparse_coo_tensor(indices, values, dtype=, device=). (Triggered internally at /pytorch/torch/csrc/utils/tensor_new.cpp:642.)
  out = torch.sparse.FloatTensor(idx.t(),vals).coalesce()
/home/victoriayang425/229_Project/taskers_utils.py:98: UserWarning: torch.sparse.SparseTensor(indices, values, *, device=) is deprecated.  Please use torch.sparse_coo_tensor(indices, values, dtype=, device=). (Triggered internally at /pytorch/torch/csrc/utils/tensor_new.cpp:642.)
  out = torch.sparse.FloatTensor(idx.t(),vals).coalesce()
/home/victoriayang425/229_Project/taskers_utils.py:98: UserWarning: torch.sparse.SparseTensor(indices, values, *, device=) is deprecated.  Please use torch.sparse_coo_tensor(indices, values, dtype=, device=). (Triggered internally at /pytorch/torch/csrc/utils/tensor_new.cpp:642.)
  out = torch.sparse.FloatTensor(idx.t(),vals).coalesce()
/home/victoriayang425/229_Project/taskers_utils.py:98: UserWarning: torch.sparse.SparseTensor(indices, values, *, device=) is deprecated.  Please use torch.sparse_coo_tensor(indices, values, dtype=, device=). (Triggered internally at /pytorch/torch/csrc/utils/tensor_new.cpp:642.)
  out = torch.sparse.FloatTensor(idx.t(),vals).coalesce()
/home/victoriayang425/229_Project/taskers_utils.py:98: UserWarning: torch.sparse.SparseTensor(indices, values, *, device=) is deprecated.  Please use torch.sparse_coo_tensor(indices, values, dtype=, device=). (Triggered internally at /pytorch/torch/csrc/utils/tensor_new.cpp:642.)
  out = torch.sparse.FloatTensor(idx.t(),vals).coalesce()
/home/victoriayang425/229_Project/taskers_utils.py:98: UserWarning: torch.sparse.SparseTensor(indices, values, *, device=) is deprecated.  Please use torch.sparse_coo_tensor(indices, values, dtype=, device=). (Triggered internally at /pytorch/torch/csrc/utils/tensor_new.cpp:642.)
  out = torch.sparse.FloatTensor(idx.t(),vals).coalesce()
/home/victoriayang425/229_Project/taskers_utils.py:98: UserWarning: torch.sparse.SparseTensor(indices, values, *, device=) is deprecated.  Please use torch.sparse_coo_tensor(indices, values, dtype=, device=). (Triggered internally at /pytorch/torch/csrc/utils/tensor_new.cpp:642.)
  out = torch.sparse.FloatTensor(idx.t(),vals).coalesce()
/home/victoriayang425/229_Project/taskers_utils.py:98: UserWarning: torch.sparse.SparseTensor(indices, values, *, device=) is deprecated.  Please use torch.sparse_coo_tensor(indices, values, dtype=, device=). (Triggered internally at /pytorch/torch/csrc/utils/tensor_new.cpp:642.)
  out = torch.sparse.FloatTensor(idx.t(),vals).coalesce()
### w0) ep 22 - Best valid measure:0.6923076923076924
/home/victoriayang425/229_Project/taskers_utils.py:98: UserWarning: torch.sparse.SparseTensor(indices, values, *, device=) is deprecated.  Please use torch.sparse_coo_tensor(indices, values, dtype=, device=). (Triggered internally at /pytorch/torch/csrc/utils/tensor_new.cpp:642.)
  out = torch.sparse.FloatTensor(idx.t(),vals).coalesce()
/home/victoriayang425/229_Project/taskers_utils.py:98: UserWarning: torch.sparse.SparseTensor(indices, values, *, device=) is deprecated.  Please use torch.sparse_coo_tensor(indices, values, dtype=, device=). (Triggered internally at /pytorch/torch/csrc/utils/tensor_new.cpp:642.)
  out = torch.sparse.FloatTensor(idx.t(),vals).coalesce()
/home/victoriayang425/229_Project/taskers_utils.py:98: UserWarning: torch.sparse.SparseTensor(indices, values, *, device=) is deprecated.  Please use torch.sparse_coo_tensor(indices, values, dtype=, device=). (Triggered internally at /pytorch/torch/csrc/utils/tensor_new.cpp:642.)
  out = torch.sparse.FloatTensor(idx.t(),vals).coalesce()
/home/victoriayang425/229_Project/taskers_utils.py:98: UserWarning: torch.sparse.SparseTensor(indices, values, *, device=) is deprecated.  Please use torch.sparse_coo_tensor(indices, values, dtype=, device=). (Triggered internally at /pytorch/torch/csrc/utils/tensor_new.cpp:642.)
  out = torch.sparse.FloatTensor(idx.t(),vals).coalesce()
/home/victoriayang425/229_Project/taskers_utils.py:98: UserWarning: torch.sparse.SparseTensor(indices, values, *, device=) is deprecated.  Please use torch.sparse_coo_tensor(indices, values, dtype=, device=). (Triggered internally at /pytorch/torch/csrc/utils/tensor_new.cpp:642.)
  out = torch.sparse.FloatTensor(idx.t(),vals).coalesce()
/home/victoriayang425/229_Project/taskers_utils.py:98: UserWarning: torch.sparse.SparseTensor(indices, values, *, device=) is deprecated.  Please use torch.sparse_coo_tensor(indices, values, dtype=, device=). (Triggered internally at /pytorch/torch/csrc/utils/tensor_new.cpp:642.)
  out = torch.sparse.FloatTensor(idx.t(),vals).coalesce()
/home/victoriayang425/229_Project/taskers_utils.py:98: UserWarning: torch.sparse.SparseTensor(indices, values, *, device=) is deprecated.  Please use torch.sparse_coo_tensor(indices, values, dtype=, device=). (Triggered internally at /pytorch/torch/csrc/utils/tensor_new.cpp:642.)
  out = torch.sparse.FloatTensor(idx.t(),vals).coalesce()
/home/victoriayang425/229_Project/taskers_utils.py:98: UserWarning: torch.sparse.SparseTensor(indices, values, *, device=) is deprecated.  Please use torch.sparse_coo_tensor(indices, values, dtype=, device=). (Triggered internally at /pytorch/torch/csrc/utils/tensor_new.cpp:642.)
  out = torch.sparse.FloatTensor(idx.t(),vals).coalesce()
/home/victoriayang425/229_Project/taskers_utils.py:98: UserWarning: torch.sparse.SparseTensor(indices, values, *, device=) is deprecated.  Please use torch.sparse_coo_tensor(indices, values, dtype=, device=). (Triggered internally at /pytorch/torch/csrc/utils/tensor_new.cpp:642.)
  out = torch.sparse.FloatTensor(idx.t(),vals).coalesce()
/home/victoriayang425/229_Project/taskers_utils.py:98: UserWarning: torch.sparse.SparseTensor(indices, values, *, device=) is deprecated.  Please use torch.sparse_coo_tensor(indices, values, dtype=, device=). (Triggered internally at /pytorch/torch/csrc/utils/tensor_new.cpp:642.)
  out = torch.sparse.FloatTensor(idx.t(),vals).coalesce()
/home/victoriayang425/229_Project/taskers_utils.py:98: UserWarning: torch.sparse.SparseTensor(indices, values, *, device=) is deprecated.  Please use torch.sparse_coo_tensor(indices, values, dtype=, device=). (Triggered internally at /pytorch/torch/csrc/utils/tensor_new.cpp:642.)
  out = torch.sparse.FloatTensor(idx.t(),vals).coalesce()
/home/victoriayang425/229_Project/taskers_utils.py:98: UserWarning: torch.sparse.SparseTensor(indices, values, *, device=) is deprecated.  Please use torch.sparse_coo_tensor(indices, values, dtype=, device=). (Triggered internally at /pytorch/torch/csrc/utils/tensor_new.cpp:642.)
  out = torch.sparse.FloatTensor(idx.t(),vals).coalesce()
/home/victoriayang425/229_Project/taskers_utils.py:98: UserWarning: torch.sparse.SparseTensor(indices, values, *, device=) is deprecated.  Please use torch.sparse_coo_tensor(indices, values, dtype=, device=). (Triggered internally at /pytorch/torch/csrc/utils/tensor_new.cpp:642.)
  out = torch.sparse.FloatTensor(idx.t(),vals).coalesce()
/home/victoriayang425/229_Project/taskers_utils.py:98: UserWarning: torch.sparse.SparseTensor(indices, values, *, device=) is deprecated.  Please use torch.sparse_coo_tensor(indices, values, dtype=, device=). (Triggered internally at /pytorch/torch/csrc/utils/tensor_new.cpp:642.)
  out = torch.sparse.FloatTensor(idx.t(),vals).coalesce()
/home/victoriayang425/229_Project/taskers_utils.py:98: UserWarning: torch.sparse.SparseTensor(indices, values, *, device=) is deprecated.  Please use torch.sparse_coo_tensor(indices, values, dtype=, device=). (Triggered internally at /pytorch/torch/csrc/utils/tensor_new.cpp:642.)
  out = torch.sparse.FloatTensor(idx.t(),vals).coalesce()
/home/victoriayang425/229_Project/taskers_utils.py:98: UserWarning: torch.sparse.SparseTensor(indices, values, *, device=) is deprecated.  Please use torch.sparse_coo_tensor(indices, values, dtype=, device=). (Triggered internally at /pytorch/torch/csrc/utils/tensor_new.cpp:642.)
  out = torch.sparse.FloatTensor(idx.t(),vals).coalesce()
/home/victoriayang425/229_Project/taskers_utils.py:98: UserWarning: torch.sparse.SparseTensor(indices, values, *, device=) is deprecated.  Please use torch.sparse_coo_tensor(indices, values, dtype=, device=). (Triggered internally at /pytorch/torch/csrc/utils/tensor_new.cpp:642.)
  out = torch.sparse.FloatTensor(idx.t(),vals).coalesce()
/home/victoriayang425/229_Project/taskers_utils.py:98: UserWarning: torch.sparse.SparseTensor(indices, values, *, device=) is deprecated.  Please use torch.sparse_coo_tensor(indices, values, dtype=, device=). (Triggered internally at /pytorch/torch/csrc/utils/tensor_new.cpp:642.)
  out = torch.sparse.FloatTensor(idx.t(),vals).coalesce()
/home/victoriayang425/229_Project/taskers_utils.py:98: UserWarning: torch.sparse.SparseTensor(indices, values, *, device=) is deprecated.  Please use torch.sparse_coo_tensor(indices, values, dtype=, device=). (Triggered internally at /pytorch/torch/csrc/utils/tensor_new.cpp:642.)
  out = torch.sparse.FloatTensor(idx.t(),vals).coalesce()
/home/victoriayang425/229_Project/taskers_utils.py:98: UserWarning: torch.sparse.SparseTensor(indices, values, *, device=) is deprecated.  Please use torch.sparse_coo_tensor(indices, values, dtype=, device=). (Triggered internally at /pytorch/torch/csrc/utils/tensor_new.cpp:642.)
  out = torch.sparse.FloatTensor(idx.t(),vals).coalesce()
/home/victoriayang425/229_Project/taskers_utils.py:98: UserWarning: torch.sparse.SparseTensor(indices, values, *, device=) is deprecated.  Please use torch.sparse_coo_tensor(indices, values, dtype=, device=). (Triggered internally at /pytorch/torch/csrc/utils/tensor_new.cpp:642.)
  out = torch.sparse.FloatTensor(idx.t(),vals).coalesce()
/home/victoriayang425/229_Project/taskers_utils.py:98: UserWarning: torch.sparse.SparseTensor(indices, values, *, device=) is deprecated.  Please use torch.sparse_coo_tensor(indices, values, dtype=, device=). (Triggered internally at /pytorch/torch/csrc/utils/tensor_new.cpp:642.)
  out = torch.sparse.FloatTensor(idx.t(),vals).coalesce()
/home/victoriayang425/229_Project/taskers_utils.py:98: UserWarning: torch.sparse.SparseTensor(indices, values, *, device=) is deprecated.  Please use torch.sparse_coo_tensor(indices, values, dtype=, device=). (Triggered internally at /pytorch/torch/csrc/utils/tensor_new.cpp:642.)
  out = torch.sparse.FloatTensor(idx.t(),vals).coalesce()
/home/victoriayang425/229_Project/taskers_utils.py:98: UserWarning: torch.sparse.SparseTensor(indices, values, *, device=) is deprecated.  Please use torch.sparse_coo_tensor(indices, values, dtype=, device=). (Triggered internally at /pytorch/torch/csrc/utils/tensor_new.cpp:642.)
  out = torch.sparse.FloatTensor(idx.t(),vals).coalesce()
/home/victoriayang425/229_Project/taskers_utils.py:98: UserWarning: torch.sparse.SparseTensor(indices, values, *, device=) is deprecated.  Please use torch.sparse_coo_tensor(indices, values, dtype=, device=). (Triggered internally at /pytorch/torch/csrc/utils/tensor_new.cpp:642.)
  out = torch.sparse.FloatTensor(idx.t(),vals).coalesce()
/home/victoriayang425/229_Project/taskers_utils.py:98: UserWarning: torch.sparse.SparseTensor(indices, values, *, device=) is deprecated.  Please use torch.sparse_coo_tensor(indices, values, dtype=, device=). (Triggered internally at /pytorch/torch/csrc/utils/tensor_new.cpp:642.)
  out = torch.sparse.FloatTensor(idx.t(),vals).coalesce()
/home/victoriayang425/229_Project/taskers_utils.py:98: UserWarning: torch.sparse.SparseTensor(indices, values, *, device=) is deprecated.  Please use torch.sparse_coo_tensor(indices, values, dtype=, device=). (Triggered internally at /pytorch/torch/csrc/utils/tensor_new.cpp:642.)
  out = torch.sparse.FloatTensor(idx.t(),vals).coalesce()
/home/victoriayang425/229_Project/taskers_utils.py:98: UserWarning: torch.sparse.SparseTensor(indices, values, *, device=) is deprecated.  Please use torch.sparse_coo_tensor(indices, values, dtype=, device=). (Triggered internally at /pytorch/torch/csrc/utils/tensor_new.cpp:642.)
  out = torch.sparse.FloatTensor(idx.t(),vals).coalesce()
/home/victoriayang425/229_Project/taskers_utils.py:98: UserWarning: torch.sparse.SparseTensor(indices, values, *, device=) is deprecated.  Please use torch.sparse_coo_tensor(indices, values, dtype=, device=). (Triggered internally at /pytorch/torch/csrc/utils/tensor_new.cpp:642.)
  out = torch.sparse.FloatTensor(idx.t(),vals).coalesce()
/home/victoriayang425/229_Project/taskers_utils.py:98: UserWarning: torch.sparse.SparseTensor(indices, values, *, device=) is deprecated.  Please use torch.sparse_coo_tensor(indices, values, dtype=, device=). (Triggered internally at /pytorch/torch/csrc/utils/tensor_new.cpp:642.)
  out = torch.sparse.FloatTensor(idx.t(),vals).coalesce()
/home/victoriayang425/229_Project/taskers_utils.py:98: UserWarning: torch.sparse.SparseTensor(indices, values, *, device=) is deprecated.  Please use torch.sparse_coo_tensor(indices, values, dtype=, device=). (Triggered internally at /pytorch/torch/csrc/utils/tensor_new.cpp:642.)
  out = torch.sparse.FloatTensor(idx.t(),vals).coalesce()
/home/victoriayang425/229_Project/taskers_utils.py:98: UserWarning: torch.sparse.SparseTensor(indices, values, *, device=) is deprecated.  Please use torch.sparse_coo_tensor(indices, values, dtype=, device=). (Triggered internally at /pytorch/torch/csrc/utils/tensor_new.cpp:642.)
  out = torch.sparse.FloatTensor(idx.t(),vals).coalesce()
/home/victoriayang425/229_Project/taskers_utils.py:98: UserWarning: torch.sparse.SparseTensor(indices, values, *, device=) is deprecated.  Please use torch.sparse_coo_tensor(indices, values, dtype=, device=). (Triggered internally at /pytorch/torch/csrc/utils/tensor_new.cpp:642.)
  out = torch.sparse.FloatTensor(idx.t(),vals).coalesce()
/home/victoriayang425/229_Project/taskers_utils.py:98: UserWarning: torch.sparse.SparseTensor(indices, values, *, device=) is deprecated.  Please use torch.sparse_coo_tensor(indices, values, dtype=, device=). (Triggered internally at /pytorch/torch/csrc/utils/tensor_new.cpp:642.)
  out = torch.sparse.FloatTensor(idx.t(),vals).coalesce()
/home/victoriayang425/229_Project/taskers_utils.py:98: UserWarning: torch.sparse.SparseTensor(indices, values, *, device=) is deprecated.  Please use torch.sparse_coo_tensor(indices, values, dtype=, device=). (Triggered internally at /pytorch/torch/csrc/utils/tensor_new.cpp:642.)
  out = torch.sparse.FloatTensor(idx.t(),vals).coalesce()
/home/victoriayang425/229_Project/taskers_utils.py:98: UserWarning: torch.sparse.SparseTensor(indices, values, *, device=) is deprecated.  Please use torch.sparse_coo_tensor(indices, values, dtype=, device=). (Triggered internally at /pytorch/torch/csrc/utils/tensor_new.cpp:642.)
  out = torch.sparse.FloatTensor(idx.t(),vals).coalesce()
/home/victoriayang425/229_Project/taskers_utils.py:98: UserWarning: torch.sparse.SparseTensor(indices, values, *, device=) is deprecated.  Please use torch.sparse_coo_tensor(indices, values, dtype=, device=). (Triggered internally at /pytorch/torch/csrc/utils/tensor_new.cpp:642.)
  out = torch.sparse.FloatTensor(idx.t(),vals).coalesce()
/home/victoriayang425/229_Project/taskers_utils.py:98: UserWarning: torch.sparse.SparseTensor(indices, values, *, device=) is deprecated.  Please use torch.sparse_coo_tensor(indices, values, dtype=, device=). (Triggered internally at /pytorch/torch/csrc/utils/tensor_new.cpp:642.)
  out = torch.sparse.FloatTensor(idx.t(),vals).coalesce()
/home/victoriayang425/229_Project/taskers_utils.py:98: UserWarning: torch.sparse.SparseTensor(indices, values, *, device=) is deprecated.  Please use torch.sparse_coo_tensor(indices, values, dtype=, device=). (Triggered internally at /pytorch/torch/csrc/utils/tensor_new.cpp:642.)
  out = torch.sparse.FloatTensor(idx.t(),vals).coalesce()
/home/victoriayang425/229_Project/taskers_utils.py:98: UserWarning: torch.sparse.SparseTensor(indices, values, *, device=) is deprecated.  Please use torch.sparse_coo_tensor(indices, values, dtype=, device=). (Triggered internally at /pytorch/torch/csrc/utils/tensor_new.cpp:642.)
  out = torch.sparse.FloatTensor(idx.t(),vals).coalesce()
/home/victoriayang425/229_Project/taskers_utils.py:98: UserWarning: torch.sparse.SparseTensor(indices, values, *, device=) is deprecated.  Please use torch.sparse_coo_tensor(indices, values, dtype=, device=). (Triggered internally at /pytorch/torch/csrc/utils/tensor_new.cpp:642.)
  out = torch.sparse.FloatTensor(idx.t(),vals).coalesce()
/home/victoriayang425/229_Project/taskers_utils.py:98: UserWarning: torch.sparse.SparseTensor(indices, values, *, device=) is deprecated.  Please use torch.sparse_coo_tensor(indices, values, dtype=, device=). (Triggered internally at /pytorch/torch/csrc/utils/tensor_new.cpp:642.)
  out = torch.sparse.FloatTensor(idx.t(),vals).coalesce()
/home/victoriayang425/229_Project/taskers_utils.py:98: UserWarning: torch.sparse.SparseTensor(indices, values, *, device=) is deprecated.  Please use torch.sparse_coo_tensor(indices, values, dtype=, device=). (Triggered internally at /pytorch/torch/csrc/utils/tensor_new.cpp:642.)
  out = torch.sparse.FloatTensor(idx.t(),vals).coalesce()
/home/victoriayang425/229_Project/taskers_utils.py:98: UserWarning: torch.sparse.SparseTensor(indices, values, *, device=) is deprecated.  Please use torch.sparse_coo_tensor(indices, values, dtype=, device=). (Triggered internally at /pytorch/torch/csrc/utils/tensor_new.cpp:642.)
  out = torch.sparse.FloatTensor(idx.t(),vals).coalesce()
/home/victoriayang425/229_Project/taskers_utils.py:98: UserWarning: torch.sparse.SparseTensor(indices, values, *, device=) is deprecated.  Please use torch.sparse_coo_tensor(indices, values, dtype=, device=). (Triggered internally at /pytorch/torch/csrc/utils/tensor_new.cpp:642.)
  out = torch.sparse.FloatTensor(idx.t(),vals).coalesce()
/home/victoriayang425/229_Project/taskers_utils.py:98: UserWarning: torch.sparse.SparseTensor(indices, values, *, device=) is deprecated.  Please use torch.sparse_coo_tensor(indices, values, dtype=, device=). (Triggered internally at /pytorch/torch/csrc/utils/tensor_new.cpp:642.)
  out = torch.sparse.FloatTensor(idx.t(),vals).coalesce()
/home/victoriayang425/229_Project/taskers_utils.py:98: UserWarning: torch.sparse.SparseTensor(indices, values, *, device=) is deprecated.  Please use torch.sparse_coo_tensor(indices, values, dtype=, device=). (Triggered internally at /pytorch/torch/csrc/utils/tensor_new.cpp:642.)
  out = torch.sparse.FloatTensor(idx.t(),vals).coalesce()
/home/victoriayang425/229_Project/taskers_utils.py:98: UserWarning: torch.sparse.SparseTensor(indices, values, *, device=) is deprecated.  Please use torch.sparse_coo_tensor(indices, values, dtype=, device=). (Triggered internally at /pytorch/torch/csrc/utils/tensor_new.cpp:642.)
  out = torch.sparse.FloatTensor(idx.t(),vals).coalesce()
/home/victoriayang425/229_Project/taskers_utils.py:98: UserWarning: torch.sparse.SparseTensor(indices, values, *, device=) is deprecated.  Please use torch.sparse_coo_tensor(indices, values, dtype=, device=). (Triggered internally at /pytorch/torch/csrc/utils/tensor_new.cpp:642.)
  out = torch.sparse.FloatTensor(idx.t(),vals).coalesce()
/home/victoriayang425/229_Project/taskers_utils.py:98: UserWarning: torch.sparse.SparseTensor(indices, values, *, device=) is deprecated.  Please use torch.sparse_coo_tensor(indices, values, dtype=, device=). (Triggered internally at /pytorch/torch/csrc/utils/tensor_new.cpp:642.)
  out = torch.sparse.FloatTensor(idx.t(),vals).coalesce()
/home/victoriayang425/229_Project/taskers_utils.py:98: UserWarning: torch.sparse.SparseTensor(indices, values, *, device=) is deprecated.  Please use torch.sparse_coo_tensor(indices, values, dtype=, device=). (Triggered internally at /pytorch/torch/csrc/utils/tensor_new.cpp:642.)
  out = torch.sparse.FloatTensor(idx.t(),vals).coalesce()
/home/victoriayang425/229_Project/taskers_utils.py:98: UserWarning: torch.sparse.SparseTensor(indices, values, *, device=) is deprecated.  Please use torch.sparse_coo_tensor(indices, values, dtype=, device=). (Triggered internally at /pytorch/torch/csrc/utils/tensor_new.cpp:642.)
  out = torch.sparse.FloatTensor(idx.t(),vals).coalesce()
/home/victoriayang425/229_Project/taskers_utils.py:98: UserWarning: torch.sparse.SparseTensor(indices, values, *, device=) is deprecated.  Please use torch.sparse_coo_tensor(indices, values, dtype=, device=). (Triggered internally at /pytorch/torch/csrc/utils/tensor_new.cpp:642.)
  out = torch.sparse.FloatTensor(idx.t(),vals).coalesce()
/home/victoriayang425/229_Project/taskers_utils.py:98: UserWarning: torch.sparse.SparseTensor(indices, values, *, device=) is deprecated.  Please use torch.sparse_coo_tensor(indices, values, dtype=, device=). (Triggered internally at /pytorch/torch/csrc/utils/tensor_new.cpp:642.)
  out = torch.sparse.FloatTensor(idx.t(),vals).coalesce()
/home/victoriayang425/229_Project/taskers_utils.py:98: UserWarning: torch.sparse.SparseTensor(indices, values, *, device=) is deprecated.  Please use torch.sparse_coo_tensor(indices, values, dtype=, device=). (Triggered internally at /pytorch/torch/csrc/utils/tensor_new.cpp:642.)
  out = torch.sparse.FloatTensor(idx.t(),vals).coalesce()
/home/victoriayang425/229_Project/taskers_utils.py:98: UserWarning: torch.sparse.SparseTensor(indices, values, *, device=) is deprecated.  Please use torch.sparse_coo_tensor(indices, values, dtype=, device=). (Triggered internally at /pytorch/torch/csrc/utils/tensor_new.cpp:642.)
  out = torch.sparse.FloatTensor(idx.t(),vals).coalesce()
/home/victoriayang425/229_Project/taskers_utils.py:98: UserWarning: torch.sparse.SparseTensor(indices, values, *, device=) is deprecated.  Please use torch.sparse_coo_tensor(indices, values, dtype=, device=). (Triggered internally at /pytorch/torch/csrc/utils/tensor_new.cpp:642.)
  out = torch.sparse.FloatTensor(idx.t(),vals).coalesce()
/home/victoriayang425/229_Project/taskers_utils.py:98: UserWarning: torch.sparse.SparseTensor(indices, values, *, device=) is deprecated.  Please use torch.sparse_coo_tensor(indices, values, dtype=, device=). (Triggered internally at /pytorch/torch/csrc/utils/tensor_new.cpp:642.)
  out = torch.sparse.FloatTensor(idx.t(),vals).coalesce()
/home/victoriayang425/229_Project/taskers_utils.py:98: UserWarning: torch.sparse.SparseTensor(indices, values, *, device=) is deprecated.  Please use torch.sparse_coo_tensor(indices, values, dtype=, device=). (Triggered internally at /pytorch/torch/csrc/utils/tensor_new.cpp:642.)
  out = torch.sparse.FloatTensor(idx.t(),vals).coalesce()
/home/victoriayang425/229_Project/taskers_utils.py:98: UserWarning: torch.sparse.SparseTensor(indices, values, *, device=) is deprecated.  Please use torch.sparse_coo_tensor(indices, values, dtype=, device=). (Triggered internally at /pytorch/torch/csrc/utils/tensor_new.cpp:642.)
  out = torch.sparse.FloatTensor(idx.t(),vals).coalesce()
/home/victoriayang425/229_Project/taskers_utils.py:98: UserWarning: torch.sparse.SparseTensor(indices, values, *, device=) is deprecated.  Please use torch.sparse_coo_tensor(indices, values, dtype=, device=). (Triggered internally at /pytorch/torch/csrc/utils/tensor_new.cpp:642.)
  out = torch.sparse.FloatTensor(idx.t(),vals).coalesce()
/home/victoriayang425/229_Project/taskers_utils.py:98: UserWarning: torch.sparse.SparseTensor(indices, values, *, device=) is deprecated.  Please use torch.sparse_coo_tensor(indices, values, dtype=, device=). (Triggered internally at /pytorch/torch/csrc/utils/tensor_new.cpp:642.)
  out = torch.sparse.FloatTensor(idx.t(),vals).coalesce()
/home/victoriayang425/229_Project/taskers_utils.py:98: UserWarning: torch.sparse.SparseTensor(indices, values, *, device=) is deprecated.  Please use torch.sparse_coo_tensor(indices, values, dtype=, device=). (Triggered internally at /pytorch/torch/csrc/utils/tensor_new.cpp:642.)
  out = torch.sparse.FloatTensor(idx.t(),vals).coalesce()
/home/victoriayang425/229_Project/taskers_utils.py:98: UserWarning: torch.sparse.SparseTensor(indices, values, *, device=) is deprecated.  Please use torch.sparse_coo_tensor(indices, values, dtype=, device=). (Triggered internally at /pytorch/torch/csrc/utils/tensor_new.cpp:642.)
  out = torch.sparse.FloatTensor(idx.t(),vals).coalesce()
/home/victoriayang425/229_Project/taskers_utils.py:98: UserWarning: torch.sparse.SparseTensor(indices, values, *, device=) is deprecated.  Please use torch.sparse_coo_tensor(indices, values, dtype=, device=). (Triggered internally at /pytorch/torch/csrc/utils/tensor_new.cpp:642.)
  out = torch.sparse.FloatTensor(idx.t(),vals).coalesce()
/home/victoriayang425/229_Project/taskers_utils.py:98: UserWarning: torch.sparse.SparseTensor(indices, values, *, device=) is deprecated.  Please use torch.sparse_coo_tensor(indices, values, dtype=, device=). (Triggered internally at /pytorch/torch/csrc/utils/tensor_new.cpp:642.)
  out = torch.sparse.FloatTensor(idx.t(),vals).coalesce()
/home/victoriayang425/229_Project/taskers_utils.py:98: UserWarning: torch.sparse.SparseTensor(indices, values, *, device=) is deprecated.  Please use torch.sparse_coo_tensor(indices, values, dtype=, device=). (Triggered internally at /pytorch/torch/csrc/utils/tensor_new.cpp:642.)
  out = torch.sparse.FloatTensor(idx.t(),vals).coalesce()
/home/victoriayang425/229_Project/taskers_utils.py:98: UserWarning: torch.sparse.SparseTensor(indices, values, *, device=) is deprecated.  Please use torch.sparse_coo_tensor(indices, values, dtype=, device=). (Triggered internally at /pytorch/torch/csrc/utils/tensor_new.cpp:642.)
  out = torch.sparse.FloatTensor(idx.t(),vals).coalesce()
/home/victoriayang425/229_Project/taskers_utils.py:98: UserWarning: torch.sparse.SparseTensor(indices, values, *, device=) is deprecated.  Please use torch.sparse_coo_tensor(indices, values, dtype=, device=). (Triggered internally at /pytorch/torch/csrc/utils/tensor_new.cpp:642.)
  out = torch.sparse.FloatTensor(idx.t(),vals).coalesce()
/home/victoriayang425/229_Project/taskers_utils.py:98: UserWarning: torch.sparse.SparseTensor(indices, values, *, device=) is deprecated.  Please use torch.sparse_coo_tensor(indices, values, dtype=, device=). (Triggered internally at /pytorch/torch/csrc/utils/tensor_new.cpp:642.)
  out = torch.sparse.FloatTensor(idx.t(),vals).coalesce()
/home/victoriayang425/229_Project/taskers_utils.py:98: UserWarning: torch.sparse.SparseTensor(indices, values, *, device=) is deprecated.  Please use torch.sparse_coo_tensor(indices, values, dtype=, device=). (Triggered internally at /pytorch/torch/csrc/utils/tensor_new.cpp:642.)
  out = torch.sparse.FloatTensor(idx.t(),vals).coalesce()
/home/victoriayang425/229_Project/taskers_utils.py:98: UserWarning: torch.sparse.SparseTensor(indices, values, *, device=) is deprecated.  Please use torch.sparse_coo_tensor(indices, values, dtype=, device=). (Triggered internally at /pytorch/torch/csrc/utils/tensor_new.cpp:642.)
  out = torch.sparse.FloatTensor(idx.t(),vals).coalesce()
/home/victoriayang425/229_Project/taskers_utils.py:98: UserWarning: torch.sparse.SparseTensor(indices, values, *, device=) is deprecated.  Please use torch.sparse_coo_tensor(indices, values, dtype=, device=). (Triggered internally at /pytorch/torch/csrc/utils/tensor_new.cpp:642.)
  out = torch.sparse.FloatTensor(idx.t(),vals).coalesce()
/home/victoriayang425/229_Project/taskers_utils.py:98: UserWarning: torch.sparse.SparseTensor(indices, values, *, device=) is deprecated.  Please use torch.sparse_coo_tensor(indices, values, dtype=, device=). (Triggered internally at /pytorch/torch/csrc/utils/tensor_new.cpp:642.)
  out = torch.sparse.FloatTensor(idx.t(),vals).coalesce()
/home/victoriayang425/229_Project/taskers_utils.py:98: UserWarning: torch.sparse.SparseTensor(indices, values, *, device=) is deprecated.  Please use torch.sparse_coo_tensor(indices, values, dtype=, device=). (Triggered internally at /pytorch/torch/csrc/utils/tensor_new.cpp:642.)
  out = torch.sparse.FloatTensor(idx.t(),vals).coalesce()
/home/victoriayang425/229_Project/taskers_utils.py:98: UserWarning: torch.sparse.SparseTensor(indices, values, *, device=) is deprecated.  Please use torch.sparse_coo_tensor(indices, values, dtype=, device=). (Triggered internally at /pytorch/torch/csrc/utils/tensor_new.cpp:642.)
  out = torch.sparse.FloatTensor(idx.t(),vals).coalesce()
/home/victoriayang425/229_Project/taskers_utils.py:98: UserWarning: torch.sparse.SparseTensor(indices, values, *, device=) is deprecated.  Please use torch.sparse_coo_tensor(indices, values, dtype=, device=). (Triggered internally at /pytorch/torch/csrc/utils/tensor_new.cpp:642.)
  out = torch.sparse.FloatTensor(idx.t(),vals).coalesce()
/home/victoriayang425/229_Project/taskers_utils.py:98: UserWarning: torch.sparse.SparseTensor(indices, values, *, device=) is deprecated.  Please use torch.sparse_coo_tensor(indices, values, dtype=, device=). (Triggered internally at /pytorch/torch/csrc/utils/tensor_new.cpp:642.)
  out = torch.sparse.FloatTensor(idx.t(),vals).coalesce()
/home/victoriayang425/229_Project/taskers_utils.py:98: UserWarning: torch.sparse.SparseTensor(indices, values, *, device=) is deprecated.  Please use torch.sparse_coo_tensor(indices, values, dtype=, device=). (Triggered internally at /pytorch/torch/csrc/utils/tensor_new.cpp:642.)
  out = torch.sparse.FloatTensor(idx.t(),vals).coalesce()
/home/victoriayang425/229_Project/taskers_utils.py:98: UserWarning: torch.sparse.SparseTensor(indices, values, *, device=) is deprecated.  Please use torch.sparse_coo_tensor(indices, values, dtype=, device=). (Triggered internally at /pytorch/torch/csrc/utils/tensor_new.cpp:642.)
  out = torch.sparse.FloatTensor(idx.t(),vals).coalesce()
/home/victoriayang425/229_Project/taskers_utils.py:98: UserWarning: torch.sparse.SparseTensor(indices, values, *, device=) is deprecated.  Please use torch.sparse_coo_tensor(indices, values, dtype=, device=). (Triggered internally at /pytorch/torch/csrc/utils/tensor_new.cpp:642.)
  out = torch.sparse.FloatTensor(idx.t(),vals).coalesce()
/home/victoriayang425/229_Project/taskers_utils.py:98: UserWarning: torch.sparse.SparseTensor(indices, values, *, device=) is deprecated.  Please use torch.sparse_coo_tensor(indices, values, dtype=, device=). (Triggered internally at /pytorch/torch/csrc/utils/tensor_new.cpp:642.)
  out = torch.sparse.FloatTensor(idx.t(),vals).coalesce()
/home/victoriayang425/229_Project/taskers_utils.py:98: UserWarning: torch.sparse.SparseTensor(indices, values, *, device=) is deprecated.  Please use torch.sparse_coo_tensor(indices, values, dtype=, device=). (Triggered internally at /pytorch/torch/csrc/utils/tensor_new.cpp:642.)
  out = torch.sparse.FloatTensor(idx.t(),vals).coalesce()
### w0) ep 29 - Best valid measure:0.701644479248238
/home/victoriayang425/229_Project/taskers_utils.py:98: UserWarning: torch.sparse.SparseTensor(indices, values, *, device=) is deprecated.  Please use torch.sparse_coo_tensor(indices, values, dtype=, device=). (Triggered internally at /pytorch/torch/csrc/utils/tensor_new.cpp:642.)
  out = torch.sparse.FloatTensor(idx.t(),vals).coalesce()
/home/victoriayang425/229_Project/taskers_utils.py:98: UserWarning: torch.sparse.SparseTensor(indices, values, *, device=) is deprecated.  Please use torch.sparse_coo_tensor(indices, values, dtype=, device=). (Triggered internally at /pytorch/torch/csrc/utils/tensor_new.cpp:642.)
  out = torch.sparse.FloatTensor(idx.t(),vals).coalesce()
/home/victoriayang425/229_Project/taskers_utils.py:98: UserWarning: torch.sparse.SparseTensor(indices, values, *, device=) is deprecated.  Please use torch.sparse_coo_tensor(indices, values, dtype=, device=). (Triggered internally at /pytorch/torch/csrc/utils/tensor_new.cpp:642.)
  out = torch.sparse.FloatTensor(idx.t(),vals).coalesce()
/home/victoriayang425/229_Project/taskers_utils.py:98: UserWarning: torch.sparse.SparseTensor(indices, values, *, device=) is deprecated.  Please use torch.sparse_coo_tensor(indices, values, dtype=, device=). (Triggered internally at /pytorch/torch/csrc/utils/tensor_new.cpp:642.)
  out = torch.sparse.FloatTensor(idx.t(),vals).coalesce()
/home/victoriayang425/229_Project/taskers_utils.py:98: UserWarning: torch.sparse.SparseTensor(indices, values, *, device=) is deprecated.  Please use torch.sparse_coo_tensor(indices, values, dtype=, device=). (Triggered internally at /pytorch/torch/csrc/utils/tensor_new.cpp:642.)
  out = torch.sparse.FloatTensor(idx.t(),vals).coalesce()
/home/victoriayang425/229_Project/taskers_utils.py:98: UserWarning: torch.sparse.SparseTensor(indices, values, *, device=) is deprecated.  Please use torch.sparse_coo_tensor(indices, values, dtype=, device=). (Triggered internally at /pytorch/torch/csrc/utils/tensor_new.cpp:642.)
  out = torch.sparse.FloatTensor(idx.t(),vals).coalesce()
/home/victoriayang425/229_Project/taskers_utils.py:98: UserWarning: torch.sparse.SparseTensor(indices, values, *, device=) is deprecated.  Please use torch.sparse_coo_tensor(indices, values, dtype=, device=). (Triggered internally at /pytorch/torch/csrc/utils/tensor_new.cpp:642.)
  out = torch.sparse.FloatTensor(idx.t(),vals).coalesce()
/home/victoriayang425/229_Project/taskers_utils.py:98: UserWarning: torch.sparse.SparseTensor(indices, values, *, device=) is deprecated.  Please use torch.sparse_coo_tensor(indices, values, dtype=, device=). (Triggered internally at /pytorch/torch/csrc/utils/tensor_new.cpp:642.)
  out = torch.sparse.FloatTensor(idx.t(),vals).coalesce()
/home/victoriayang425/229_Project/taskers_utils.py:98: UserWarning: torch.sparse.SparseTensor(indices, values, *, device=) is deprecated.  Please use torch.sparse_coo_tensor(indices, values, dtype=, device=). (Triggered internally at /pytorch/torch/csrc/utils/tensor_new.cpp:642.)
  out = torch.sparse.FloatTensor(idx.t(),vals).coalesce()
/home/victoriayang425/229_Project/taskers_utils.py:98: UserWarning: torch.sparse.SparseTensor(indices, values, *, device=) is deprecated.  Please use torch.sparse_coo_tensor(indices, values, dtype=, device=). (Triggered internally at /pytorch/torch/csrc/utils/tensor_new.cpp:642.)
  out = torch.sparse.FloatTensor(idx.t(),vals).coalesce()
/home/victoriayang425/229_Project/taskers_utils.py:98: UserWarning: torch.sparse.SparseTensor(indices, values, *, device=) is deprecated.  Please use torch.sparse_coo_tensor(indices, values, dtype=, device=). (Triggered internally at /pytorch/torch/csrc/utils/tensor_new.cpp:642.)
  out = torch.sparse.FloatTensor(idx.t(),vals).coalesce()
/home/victoriayang425/229_Project/taskers_utils.py:98: UserWarning: torch.sparse.SparseTensor(indices, values, *, device=) is deprecated.  Please use torch.sparse_coo_tensor(indices, values, dtype=, device=). (Triggered internally at /pytorch/torch/csrc/utils/tensor_new.cpp:642.)
  out = torch.sparse.FloatTensor(idx.t(),vals).coalesce()
/home/victoriayang425/229_Project/taskers_utils.py:98: UserWarning: torch.sparse.SparseTensor(indices, values, *, device=) is deprecated.  Please use torch.sparse_coo_tensor(indices, values, dtype=, device=). (Triggered internally at /pytorch/torch/csrc/utils/tensor_new.cpp:642.)
  out = torch.sparse.FloatTensor(idx.t(),vals).coalesce()
/home/victoriayang425/229_Project/taskers_utils.py:98: UserWarning: torch.sparse.SparseTensor(indices, values, *, device=) is deprecated.  Please use torch.sparse_coo_tensor(indices, values, dtype=, device=). (Triggered internally at /pytorch/torch/csrc/utils/tensor_new.cpp:642.)
  out = torch.sparse.FloatTensor(idx.t(),vals).coalesce()
/home/victoriayang425/229_Project/taskers_utils.py:98: UserWarning: torch.sparse.SparseTensor(indices, values, *, device=) is deprecated.  Please use torch.sparse_coo_tensor(indices, values, dtype=, device=). (Triggered internally at /pytorch/torch/csrc/utils/tensor_new.cpp:642.)
  out = torch.sparse.FloatTensor(idx.t(),vals).coalesce()
/home/victoriayang425/229_Project/taskers_utils.py:98: UserWarning: torch.sparse.SparseTensor(indices, values, *, device=) is deprecated.  Please use torch.sparse_coo_tensor(indices, values, dtype=, device=). (Triggered internally at /pytorch/torch/csrc/utils/tensor_new.cpp:642.)
  out = torch.sparse.FloatTensor(idx.t(),vals).coalesce()
/home/victoriayang425/229_Project/taskers_utils.py:98: UserWarning: torch.sparse.SparseTensor(indices, values, *, device=) is deprecated.  Please use torch.sparse_coo_tensor(indices, values, dtype=, device=). (Triggered internally at /pytorch/torch/csrc/utils/tensor_new.cpp:642.)
  out = torch.sparse.FloatTensor(idx.t(),vals).coalesce()
/home/victoriayang425/229_Project/taskers_utils.py:98: UserWarning: torch.sparse.SparseTensor(indices, values, *, device=) is deprecated.  Please use torch.sparse_coo_tensor(indices, values, dtype=, device=). (Triggered internally at /pytorch/torch/csrc/utils/tensor_new.cpp:642.)
  out = torch.sparse.FloatTensor(idx.t(),vals).coalesce()
/home/victoriayang425/229_Project/taskers_utils.py:98: UserWarning: torch.sparse.SparseTensor(indices, values, *, device=) is deprecated.  Please use torch.sparse_coo_tensor(indices, values, dtype=, device=). (Triggered internally at /pytorch/torch/csrc/utils/tensor_new.cpp:642.)
  out = torch.sparse.FloatTensor(idx.t(),vals).coalesce()
/home/victoriayang425/229_Project/taskers_utils.py:98: UserWarning: torch.sparse.SparseTensor(indices, values, *, device=) is deprecated.  Please use torch.sparse_coo_tensor(indices, values, dtype=, device=). (Triggered internally at /pytorch/torch/csrc/utils/tensor_new.cpp:642.)
  out = torch.sparse.FloatTensor(idx.t(),vals).coalesce()
/home/victoriayang425/229_Project/taskers_utils.py:98: UserWarning: torch.sparse.SparseTensor(indices, values, *, device=) is deprecated.  Please use torch.sparse_coo_tensor(indices, values, dtype=, device=). (Triggered internally at /pytorch/torch/csrc/utils/tensor_new.cpp:642.)
  out = torch.sparse.FloatTensor(idx.t(),vals).coalesce()
/home/victoriayang425/229_Project/taskers_utils.py:98: UserWarning: torch.sparse.SparseTensor(indices, values, *, device=) is deprecated.  Please use torch.sparse_coo_tensor(indices, values, dtype=, device=). (Triggered internally at /pytorch/torch/csrc/utils/tensor_new.cpp:642.)
  out = torch.sparse.FloatTensor(idx.t(),vals).coalesce()
/home/victoriayang425/229_Project/taskers_utils.py:98: UserWarning: torch.sparse.SparseTensor(indices, values, *, device=) is deprecated.  Please use torch.sparse_coo_tensor(indices, values, dtype=, device=). (Triggered internally at /pytorch/torch/csrc/utils/tensor_new.cpp:642.)
  out = torch.sparse.FloatTensor(idx.t(),vals).coalesce()
/home/victoriayang425/229_Project/taskers_utils.py:98: UserWarning: torch.sparse.SparseTensor(indices, values, *, device=) is deprecated.  Please use torch.sparse_coo_tensor(indices, values, dtype=, device=). (Triggered internally at /pytorch/torch/csrc/utils/tensor_new.cpp:642.)
  out = torch.sparse.FloatTensor(idx.t(),vals).coalesce()
/home/victoriayang425/229_Project/taskers_utils.py:98: UserWarning: torch.sparse.SparseTensor(indices, values, *, device=) is deprecated.  Please use torch.sparse_coo_tensor(indices, values, dtype=, device=). (Triggered internally at /pytorch/torch/csrc/utils/tensor_new.cpp:642.)
  out = torch.sparse.FloatTensor(idx.t(),vals).coalesce()
/home/victoriayang425/229_Project/taskers_utils.py:98: UserWarning: torch.sparse.SparseTensor(indices, values, *, device=) is deprecated.  Please use torch.sparse_coo_tensor(indices, values, dtype=, device=). (Triggered internally at /pytorch/torch/csrc/utils/tensor_new.cpp:642.)
  out = torch.sparse.FloatTensor(idx.t(),vals).coalesce()
/home/victoriayang425/229_Project/taskers_utils.py:98: UserWarning: torch.sparse.SparseTensor(indices, values, *, device=) is deprecated.  Please use torch.sparse_coo_tensor(indices, values, dtype=, device=). (Triggered internally at /pytorch/torch/csrc/utils/tensor_new.cpp:642.)
  out = torch.sparse.FloatTensor(idx.t(),vals).coalesce()
/home/victoriayang425/229_Project/taskers_utils.py:98: UserWarning: torch.sparse.SparseTensor(indices, values, *, device=) is deprecated.  Please use torch.sparse_coo_tensor(indices, values, dtype=, device=). (Triggered internally at /pytorch/torch/csrc/utils/tensor_new.cpp:642.)
  out = torch.sparse.FloatTensor(idx.t(),vals).coalesce()
/home/victoriayang425/229_Project/taskers_utils.py:98: UserWarning: torch.sparse.SparseTensor(indices, values, *, device=) is deprecated.  Please use torch.sparse_coo_tensor(indices, values, dtype=, device=). (Triggered internally at /pytorch/torch/csrc/utils/tensor_new.cpp:642.)
  out = torch.sparse.FloatTensor(idx.t(),vals).coalesce()
/home/victoriayang425/229_Project/taskers_utils.py:98: UserWarning: torch.sparse.SparseTensor(indices, values, *, device=) is deprecated.  Please use torch.sparse_coo_tensor(indices, values, dtype=, device=). (Triggered internally at /pytorch/torch/csrc/utils/tensor_new.cpp:642.)
  out = torch.sparse.FloatTensor(idx.t(),vals).coalesce()
/home/victoriayang425/229_Project/taskers_utils.py:98: UserWarning: torch.sparse.SparseTensor(indices, values, *, device=) is deprecated.  Please use torch.sparse_coo_tensor(indices, values, dtype=, device=). (Triggered internally at /pytorch/torch/csrc/utils/tensor_new.cpp:642.)
  out = torch.sparse.FloatTensor(idx.t(),vals).coalesce()
/home/victoriayang425/229_Project/taskers_utils.py:98: UserWarning: torch.sparse.SparseTensor(indices, values, *, device=) is deprecated.  Please use torch.sparse_coo_tensor(indices, values, dtype=, device=). (Triggered internally at /pytorch/torch/csrc/utils/tensor_new.cpp:642.)
  out = torch.sparse.FloatTensor(idx.t(),vals).coalesce()
/home/victoriayang425/229_Project/taskers_utils.py:98: UserWarning: torch.sparse.SparseTensor(indices, values, *, device=) is deprecated.  Please use torch.sparse_coo_tensor(indices, values, dtype=, device=). (Triggered internally at /pytorch/torch/csrc/utils/tensor_new.cpp:642.)
  out = torch.sparse.FloatTensor(idx.t(),vals).coalesce()
/home/victoriayang425/229_Project/taskers_utils.py:98: UserWarning: torch.sparse.SparseTensor(indices, values, *, device=) is deprecated.  Please use torch.sparse_coo_tensor(indices, values, dtype=, device=). (Triggered internally at /pytorch/torch/csrc/utils/tensor_new.cpp:642.)
  out = torch.sparse.FloatTensor(idx.t(),vals).coalesce()
/home/victoriayang425/229_Project/taskers_utils.py:98: UserWarning: torch.sparse.SparseTensor(indices, values, *, device=) is deprecated.  Please use torch.sparse_coo_tensor(indices, values, dtype=, device=). (Triggered internally at /pytorch/torch/csrc/utils/tensor_new.cpp:642.)
  out = torch.sparse.FloatTensor(idx.t(),vals).coalesce()
/home/victoriayang425/229_Project/taskers_utils.py:98: UserWarning: torch.sparse.SparseTensor(indices, values, *, device=) is deprecated.  Please use torch.sparse_coo_tensor(indices, values, dtype=, device=). (Triggered internally at /pytorch/torch/csrc/utils/tensor_new.cpp:642.)
  out = torch.sparse.FloatTensor(idx.t(),vals).coalesce()
/home/victoriayang425/229_Project/taskers_utils.py:98: UserWarning: torch.sparse.SparseTensor(indices, values, *, device=) is deprecated.  Please use torch.sparse_coo_tensor(indices, values, dtype=, device=). (Triggered internally at /pytorch/torch/csrc/utils/tensor_new.cpp:642.)
  out = torch.sparse.FloatTensor(idx.t(),vals).coalesce()
/home/victoriayang425/229_Project/taskers_utils.py:98: UserWarning: torch.sparse.SparseTensor(indices, values, *, device=) is deprecated.  Please use torch.sparse_coo_tensor(indices, values, dtype=, device=). (Triggered internally at /pytorch/torch/csrc/utils/tensor_new.cpp:642.)
  out = torch.sparse.FloatTensor(idx.t(),vals).coalesce()
/home/victoriayang425/229_Project/taskers_utils.py:98: UserWarning: torch.sparse.SparseTensor(indices, values, *, device=) is deprecated.  Please use torch.sparse_coo_tensor(indices, values, dtype=, device=). (Triggered internally at /pytorch/torch/csrc/utils/tensor_new.cpp:642.)
  out = torch.sparse.FloatTensor(idx.t(),vals).coalesce()
/home/victoriayang425/229_Project/taskers_utils.py:98: UserWarning: torch.sparse.SparseTensor(indices, values, *, device=) is deprecated.  Please use torch.sparse_coo_tensor(indices, values, dtype=, device=). (Triggered internally at /pytorch/torch/csrc/utils/tensor_new.cpp:642.)
  out = torch.sparse.FloatTensor(idx.t(),vals).coalesce()
/home/victoriayang425/229_Project/taskers_utils.py:98: UserWarning: torch.sparse.SparseTensor(indices, values, *, device=) is deprecated.  Please use torch.sparse_coo_tensor(indices, values, dtype=, device=). (Triggered internally at /pytorch/torch/csrc/utils/tensor_new.cpp:642.)
  out = torch.sparse.FloatTensor(idx.t(),vals).coalesce()
/home/victoriayang425/229_Project/taskers_utils.py:98: UserWarning: torch.sparse.SparseTensor(indices, values, *, device=) is deprecated.  Please use torch.sparse_coo_tensor(indices, values, dtype=, device=). (Triggered internally at /pytorch/torch/csrc/utils/tensor_new.cpp:642.)
  out = torch.sparse.FloatTensor(idx.t(),vals).coalesce()
/home/victoriayang425/229_Project/taskers_utils.py:98: UserWarning: torch.sparse.SparseTensor(indices, values, *, device=) is deprecated.  Please use torch.sparse_coo_tensor(indices, values, dtype=, device=). (Triggered internally at /pytorch/torch/csrc/utils/tensor_new.cpp:642.)
  out = torch.sparse.FloatTensor(idx.t(),vals).coalesce()
/home/victoriayang425/229_Project/taskers_utils.py:98: UserWarning: torch.sparse.SparseTensor(indices, values, *, device=) is deprecated.  Please use torch.sparse_coo_tensor(indices, values, dtype=, device=). (Triggered internally at /pytorch/torch/csrc/utils/tensor_new.cpp:642.)
  out = torch.sparse.FloatTensor(idx.t(),vals).coalesce()
/home/victoriayang425/229_Project/taskers_utils.py:98: UserWarning: torch.sparse.SparseTensor(indices, values, *, device=) is deprecated.  Please use torch.sparse_coo_tensor(indices, values, dtype=, device=). (Triggered internally at /pytorch/torch/csrc/utils/tensor_new.cpp:642.)
  out = torch.sparse.FloatTensor(idx.t(),vals).coalesce()
/home/victoriayang425/229_Project/taskers_utils.py:98: UserWarning: torch.sparse.SparseTensor(indices, values, *, device=) is deprecated.  Please use torch.sparse_coo_tensor(indices, values, dtype=, device=). (Triggered internally at /pytorch/torch/csrc/utils/tensor_new.cpp:642.)
  out = torch.sparse.FloatTensor(idx.t(),vals).coalesce()
/home/victoriayang425/229_Project/taskers_utils.py:98: UserWarning: torch.sparse.SparseTensor(indices, values, *, device=) is deprecated.  Please use torch.sparse_coo_tensor(indices, values, dtype=, device=). (Triggered internally at /pytorch/torch/csrc/utils/tensor_new.cpp:642.)
  out = torch.sparse.FloatTensor(idx.t(),vals).coalesce()
/home/victoriayang425/229_Project/taskers_utils.py:98: UserWarning: torch.sparse.SparseTensor(indices, values, *, device=) is deprecated.  Please use torch.sparse_coo_tensor(indices, values, dtype=, device=). (Triggered internally at /pytorch/torch/csrc/utils/tensor_new.cpp:642.)
  out = torch.sparse.FloatTensor(idx.t(),vals).coalesce()
/home/victoriayang425/229_Project/taskers_utils.py:98: UserWarning: torch.sparse.SparseTensor(indices, values, *, device=) is deprecated.  Please use torch.sparse_coo_tensor(indices, values, dtype=, device=). (Triggered internally at /pytorch/torch/csrc/utils/tensor_new.cpp:642.)
  out = torch.sparse.FloatTensor(idx.t(),vals).coalesce()
/home/victoriayang425/229_Project/taskers_utils.py:98: UserWarning: torch.sparse.SparseTensor(indices, values, *, device=) is deprecated.  Please use torch.sparse_coo_tensor(indices, values, dtype=, device=). (Triggered internally at /pytorch/torch/csrc/utils/tensor_new.cpp:642.)
  out = torch.sparse.FloatTensor(idx.t(),vals).coalesce()
/home/victoriayang425/229_Project/taskers_utils.py:98: UserWarning: torch.sparse.SparseTensor(indices, values, *, device=) is deprecated.  Please use torch.sparse_coo_tensor(indices, values, dtype=, device=). (Triggered internally at /pytorch/torch/csrc/utils/tensor_new.cpp:642.)
  out = torch.sparse.FloatTensor(idx.t(),vals).coalesce()
/home/victoriayang425/229_Project/taskers_utils.py:98: UserWarning: torch.sparse.SparseTensor(indices, values, *, device=) is deprecated.  Please use torch.sparse_coo_tensor(indices, values, dtype=, device=). (Triggered internally at /pytorch/torch/csrc/utils/tensor_new.cpp:642.)
  out = torch.sparse.FloatTensor(idx.t(),vals).coalesce()
/home/victoriayang425/229_Project/taskers_utils.py:98: UserWarning: torch.sparse.SparseTensor(indices, values, *, device=) is deprecated.  Please use torch.sparse_coo_tensor(indices, values, dtype=, device=). (Triggered internally at /pytorch/torch/csrc/utils/tensor_new.cpp:642.)
  out = torch.sparse.FloatTensor(idx.t(),vals).coalesce()
/home/victoriayang425/229_Project/taskers_utils.py:98: UserWarning: torch.sparse.SparseTensor(indices, values, *, device=) is deprecated.  Please use torch.sparse_coo_tensor(indices, values, dtype=, device=). (Triggered internally at /pytorch/torch/csrc/utils/tensor_new.cpp:642.)
  out = torch.sparse.FloatTensor(idx.t(),vals).coalesce()
/home/victoriayang425/229_Project/taskers_utils.py:98: UserWarning: torch.sparse.SparseTensor(indices, values, *, device=) is deprecated.  Please use torch.sparse_coo_tensor(indices, values, dtype=, device=). (Triggered internally at /pytorch/torch/csrc/utils/tensor_new.cpp:642.)
  out = torch.sparse.FloatTensor(idx.t(),vals).coalesce()
/home/victoriayang425/229_Project/taskers_utils.py:98: UserWarning: torch.sparse.SparseTensor(indices, values, *, device=) is deprecated.  Please use torch.sparse_coo_tensor(indices, values, dtype=, device=). (Triggered internally at /pytorch/torch/csrc/utils/tensor_new.cpp:642.)
  out = torch.sparse.FloatTensor(idx.t(),vals).coalesce()
/home/victoriayang425/229_Project/taskers_utils.py:98: UserWarning: torch.sparse.SparseTensor(indices, values, *, device=) is deprecated.  Please use torch.sparse_coo_tensor(indices, values, dtype=, device=). (Triggered internally at /pytorch/torch/csrc/utils/tensor_new.cpp:642.)
  out = torch.sparse.FloatTensor(idx.t(),vals).coalesce()
/home/victoriayang425/229_Project/taskers_utils.py:98: UserWarning: torch.sparse.SparseTensor(indices, values, *, device=) is deprecated.  Please use torch.sparse_coo_tensor(indices, values, dtype=, device=). (Triggered internally at /pytorch/torch/csrc/utils/tensor_new.cpp:642.)
  out = torch.sparse.FloatTensor(idx.t(),vals).coalesce()
/home/victoriayang425/229_Project/taskers_utils.py:98: UserWarning: torch.sparse.SparseTensor(indices, values, *, device=) is deprecated.  Please use torch.sparse_coo_tensor(indices, values, dtype=, device=). (Triggered internally at /pytorch/torch/csrc/utils/tensor_new.cpp:642.)
  out = torch.sparse.FloatTensor(idx.t(),vals).coalesce()
/home/victoriayang425/229_Project/taskers_utils.py:98: UserWarning: torch.sparse.SparseTensor(indices, values, *, device=) is deprecated.  Please use torch.sparse_coo_tensor(indices, values, dtype=, device=). (Triggered internally at /pytorch/torch/csrc/utils/tensor_new.cpp:642.)
  out = torch.sparse.FloatTensor(idx.t(),vals).coalesce()
/home/victoriayang425/229_Project/taskers_utils.py:98: UserWarning: torch.sparse.SparseTensor(indices, values, *, device=) is deprecated.  Please use torch.sparse_coo_tensor(indices, values, dtype=, device=). (Triggered internally at /pytorch/torch/csrc/utils/tensor_new.cpp:642.)
  out = torch.sparse.FloatTensor(idx.t(),vals).coalesce()
/home/victoriayang425/229_Project/taskers_utils.py:98: UserWarning: torch.sparse.SparseTensor(indices, values, *, device=) is deprecated.  Please use torch.sparse_coo_tensor(indices, values, dtype=, device=). (Triggered internally at /pytorch/torch/csrc/utils/tensor_new.cpp:642.)
  out = torch.sparse.FloatTensor(idx.t(),vals).coalesce()
/home/victoriayang425/229_Project/taskers_utils.py:98: UserWarning: torch.sparse.SparseTensor(indices, values, *, device=) is deprecated.  Please use torch.sparse_coo_tensor(indices, values, dtype=, device=). (Triggered internally at /pytorch/torch/csrc/utils/tensor_new.cpp:642.)
  out = torch.sparse.FloatTensor(idx.t(),vals).coalesce()
/home/victoriayang425/229_Project/taskers_utils.py:98: UserWarning: torch.sparse.SparseTensor(indices, values, *, device=) is deprecated.  Please use torch.sparse_coo_tensor(indices, values, dtype=, device=). (Triggered internally at /pytorch/torch/csrc/utils/tensor_new.cpp:642.)
  out = torch.sparse.FloatTensor(idx.t(),vals).coalesce()
/home/victoriayang425/229_Project/taskers_utils.py:98: UserWarning: torch.sparse.SparseTensor(indices, values, *, device=) is deprecated.  Please use torch.sparse_coo_tensor(indices, values, dtype=, device=). (Triggered internally at /pytorch/torch/csrc/utils/tensor_new.cpp:642.)
  out = torch.sparse.FloatTensor(idx.t(),vals).coalesce()
/home/victoriayang425/229_Project/taskers_utils.py:98: UserWarning: torch.sparse.SparseTensor(indices, values, *, device=) is deprecated.  Please use torch.sparse_coo_tensor(indices, values, dtype=, device=). (Triggered internally at /pytorch/torch/csrc/utils/tensor_new.cpp:642.)
  out = torch.sparse.FloatTensor(idx.t(),vals).coalesce()
/home/victoriayang425/229_Project/taskers_utils.py:98: UserWarning: torch.sparse.SparseTensor(indices, values, *, device=) is deprecated.  Please use torch.sparse_coo_tensor(indices, values, dtype=, device=). (Triggered internally at /pytorch/torch/csrc/utils/tensor_new.cpp:642.)
  out = torch.sparse.FloatTensor(idx.t(),vals).coalesce()
/home/victoriayang425/229_Project/taskers_utils.py:98: UserWarning: torch.sparse.SparseTensor(indices, values, *, device=) is deprecated.  Please use torch.sparse_coo_tensor(indices, values, dtype=, device=). (Triggered internally at /pytorch/torch/csrc/utils/tensor_new.cpp:642.)
  out = torch.sparse.FloatTensor(idx.t(),vals).coalesce()
/home/victoriayang425/229_Project/taskers_utils.py:98: UserWarning: torch.sparse.SparseTensor(indices, values, *, device=) is deprecated.  Please use torch.sparse_coo_tensor(indices, values, dtype=, device=). (Triggered internally at /pytorch/torch/csrc/utils/tensor_new.cpp:642.)
  out = torch.sparse.FloatTensor(idx.t(),vals).coalesce()
/home/victoriayang425/229_Project/taskers_utils.py:98: UserWarning: torch.sparse.SparseTensor(indices, values, *, device=) is deprecated.  Please use torch.sparse_coo_tensor(indices, values, dtype=, device=). (Triggered internally at /pytorch/torch/csrc/utils/tensor_new.cpp:642.)
  out = torch.sparse.FloatTensor(idx.t(),vals).coalesce()
/home/victoriayang425/229_Project/taskers_utils.py:98: UserWarning: torch.sparse.SparseTensor(indices, values, *, device=) is deprecated.  Please use torch.sparse_coo_tensor(indices, values, dtype=, device=). (Triggered internally at /pytorch/torch/csrc/utils/tensor_new.cpp:642.)
  out = torch.sparse.FloatTensor(idx.t(),vals).coalesce()
/home/victoriayang425/229_Project/taskers_utils.py:98: UserWarning: torch.sparse.SparseTensor(indices, values, *, device=) is deprecated.  Please use torch.sparse_coo_tensor(indices, values, dtype=, device=). (Triggered internally at /pytorch/torch/csrc/utils/tensor_new.cpp:642.)
  out = torch.sparse.FloatTensor(idx.t(),vals).coalesce()
/home/victoriayang425/229_Project/taskers_utils.py:98: UserWarning: torch.sparse.SparseTensor(indices, values, *, device=) is deprecated.  Please use torch.sparse_coo_tensor(indices, values, dtype=, device=). (Triggered internally at /pytorch/torch/csrc/utils/tensor_new.cpp:642.)
  out = torch.sparse.FloatTensor(idx.t(),vals).coalesce()
/home/victoriayang425/229_Project/taskers_utils.py:98: UserWarning: torch.sparse.SparseTensor(indices, values, *, device=) is deprecated.  Please use torch.sparse_coo_tensor(indices, values, dtype=, device=). (Triggered internally at /pytorch/torch/csrc/utils/tensor_new.cpp:642.)
  out = torch.sparse.FloatTensor(idx.t(),vals).coalesce()
/home/victoriayang425/229_Project/taskers_utils.py:98: UserWarning: torch.sparse.SparseTensor(indices, values, *, device=) is deprecated.  Please use torch.sparse_coo_tensor(indices, values, dtype=, device=). (Triggered internally at /pytorch/torch/csrc/utils/tensor_new.cpp:642.)
  out = torch.sparse.FloatTensor(idx.t(),vals).coalesce()
/home/victoriayang425/229_Project/taskers_utils.py:98: UserWarning: torch.sparse.SparseTensor(indices, values, *, device=) is deprecated.  Please use torch.sparse_coo_tensor(indices, values, dtype=, device=). (Triggered internally at /pytorch/torch/csrc/utils/tensor_new.cpp:642.)
  out = torch.sparse.FloatTensor(idx.t(),vals).coalesce()
/home/victoriayang425/229_Project/taskers_utils.py:98: UserWarning: torch.sparse.SparseTensor(indices, values, *, device=) is deprecated.  Please use torch.sparse_coo_tensor(indices, values, dtype=, device=). (Triggered internally at /pytorch/torch/csrc/utils/tensor_new.cpp:642.)
  out = torch.sparse.FloatTensor(idx.t(),vals).coalesce()
/home/victoriayang425/229_Project/taskers_utils.py:98: UserWarning: torch.sparse.SparseTensor(indices, values, *, device=) is deprecated.  Please use torch.sparse_coo_tensor(indices, values, dtype=, device=). (Triggered internally at /pytorch/torch/csrc/utils/tensor_new.cpp:642.)
  out = torch.sparse.FloatTensor(idx.t(),vals).coalesce()
/home/victoriayang425/229_Project/taskers_utils.py:98: UserWarning: torch.sparse.SparseTensor(indices, values, *, device=) is deprecated.  Please use torch.sparse_coo_tensor(indices, values, dtype=, device=). (Triggered internally at /pytorch/torch/csrc/utils/tensor_new.cpp:642.)
  out = torch.sparse.FloatTensor(idx.t(),vals).coalesce()
/home/victoriayang425/229_Project/taskers_utils.py:98: UserWarning: torch.sparse.SparseTensor(indices, values, *, device=) is deprecated.  Please use torch.sparse_coo_tensor(indices, values, dtype=, device=). (Triggered internally at /pytorch/torch/csrc/utils/tensor_new.cpp:642.)
  out = torch.sparse.FloatTensor(idx.t(),vals).coalesce()
/home/victoriayang425/229_Project/taskers_utils.py:98: UserWarning: torch.sparse.SparseTensor(indices, values, *, device=) is deprecated.  Please use torch.sparse_coo_tensor(indices, values, dtype=, device=). (Triggered internally at /pytorch/torch/csrc/utils/tensor_new.cpp:642.)
  out = torch.sparse.FloatTensor(idx.t(),vals).coalesce()
/home/victoriayang425/229_Project/taskers_utils.py:98: UserWarning: torch.sparse.SparseTensor(indices, values, *, device=) is deprecated.  Please use torch.sparse_coo_tensor(indices, values, dtype=, device=). (Triggered internally at /pytorch/torch/csrc/utils/tensor_new.cpp:642.)
  out = torch.sparse.FloatTensor(idx.t(),vals).coalesce()
/home/victoriayang425/229_Project/taskers_utils.py:98: UserWarning: torch.sparse.SparseTensor(indices, values, *, device=) is deprecated.  Please use torch.sparse_coo_tensor(indices, values, dtype=, device=). (Triggered internally at /pytorch/torch/csrc/utils/tensor_new.cpp:642.)
  out = torch.sparse.FloatTensor(idx.t(),vals).coalesce()
/home/victoriayang425/229_Project/taskers_utils.py:98: UserWarning: torch.sparse.SparseTensor(indices, values, *, device=) is deprecated.  Please use torch.sparse_coo_tensor(indices, values, dtype=, device=). (Triggered internally at /pytorch/torch/csrc/utils/tensor_new.cpp:642.)
  out = torch.sparse.FloatTensor(idx.t(),vals).coalesce()
/home/victoriayang425/229_Project/taskers_utils.py:98: UserWarning: torch.sparse.SparseTensor(indices, values, *, device=) is deprecated.  Please use torch.sparse_coo_tensor(indices, values, dtype=, device=). (Triggered internally at /pytorch/torch/csrc/utils/tensor_new.cpp:642.)
  out = torch.sparse.FloatTensor(idx.t(),vals).coalesce()
/home/victoriayang425/229_Project/taskers_utils.py:98: UserWarning: torch.sparse.SparseTensor(indices, values, *, device=) is deprecated.  Please use torch.sparse_coo_tensor(indices, values, dtype=, device=). (Triggered internally at /pytorch/torch/csrc/utils/tensor_new.cpp:642.)
  out = torch.sparse.FloatTensor(idx.t(),vals).coalesce()
/home/victoriayang425/229_Project/taskers_utils.py:98: UserWarning: torch.sparse.SparseTensor(indices, values, *, device=) is deprecated.  Please use torch.sparse_coo_tensor(indices, values, dtype=, device=). (Triggered internally at /pytorch/torch/csrc/utils/tensor_new.cpp:642.)
  out = torch.sparse.FloatTensor(idx.t(),vals).coalesce()
/home/victoriayang425/229_Project/taskers_utils.py:98: UserWarning: torch.sparse.SparseTensor(indices, values, *, device=) is deprecated.  Please use torch.sparse_coo_tensor(indices, values, dtype=, device=). (Triggered internally at /pytorch/torch/csrc/utils/tensor_new.cpp:642.)
  out = torch.sparse.FloatTensor(idx.t(),vals).coalesce()
/home/victoriayang425/229_Project/taskers_utils.py:98: UserWarning: torch.sparse.SparseTensor(indices, values, *, device=) is deprecated.  Please use torch.sparse_coo_tensor(indices, values, dtype=, device=). (Triggered internally at /pytorch/torch/csrc/utils/tensor_new.cpp:642.)
  out = torch.sparse.FloatTensor(idx.t(),vals).coalesce()
/home/victoriayang425/229_Project/taskers_utils.py:98: UserWarning: torch.sparse.SparseTensor(indices, values, *, device=) is deprecated.  Please use torch.sparse_coo_tensor(indices, values, dtype=, device=). (Triggered internally at /pytorch/torch/csrc/utils/tensor_new.cpp:642.)
  out = torch.sparse.FloatTensor(idx.t(),vals).coalesce()
/home/victoriayang425/229_Project/taskers_utils.py:98: UserWarning: torch.sparse.SparseTensor(indices, values, *, device=) is deprecated.  Please use torch.sparse_coo_tensor(indices, values, dtype=, device=). (Triggered internally at /pytorch/torch/csrc/utils/tensor_new.cpp:642.)
  out = torch.sparse.FloatTensor(idx.t(),vals).coalesce()
/home/victoriayang425/229_Project/taskers_utils.py:98: UserWarning: torch.sparse.SparseTensor(indices, values, *, device=) is deprecated.  Please use torch.sparse_coo_tensor(indices, values, dtype=, device=). (Triggered internally at /pytorch/torch/csrc/utils/tensor_new.cpp:642.)
  out = torch.sparse.FloatTensor(idx.t(),vals).coalesce()
/home/victoriayang425/229_Project/taskers_utils.py:98: UserWarning: torch.sparse.SparseTensor(indices, values, *, device=) is deprecated.  Please use torch.sparse_coo_tensor(indices, values, dtype=, device=). (Triggered internally at /pytorch/torch/csrc/utils/tensor_new.cpp:642.)
  out = torch.sparse.FloatTensor(idx.t(),vals).coalesce()
/home/victoriayang425/229_Project/taskers_utils.py:98: UserWarning: torch.sparse.SparseTensor(indices, values, *, device=) is deprecated.  Please use torch.sparse_coo_tensor(indices, values, dtype=, device=). (Triggered internally at /pytorch/torch/csrc/utils/tensor_new.cpp:642.)
  out = torch.sparse.FloatTensor(idx.t(),vals).coalesce()
/home/victoriayang425/229_Project/taskers_utils.py:98: UserWarning: torch.sparse.SparseTensor(indices, values, *, device=) is deprecated.  Please use torch.sparse_coo_tensor(indices, values, dtype=, device=). (Triggered internally at /pytorch/torch/csrc/utils/tensor_new.cpp:642.)
  out = torch.sparse.FloatTensor(idx.t(),vals).coalesce()
/home/victoriayang425/229_Project/taskers_utils.py:98: UserWarning: torch.sparse.SparseTensor(indices, values, *, device=) is deprecated.  Please use torch.sparse_coo_tensor(indices, values, dtype=, device=). (Triggered internally at /pytorch/torch/csrc/utils/tensor_new.cpp:642.)
  out = torch.sparse.FloatTensor(idx.t(),vals).coalesce()
/home/victoriayang425/229_Project/taskers_utils.py:98: UserWarning: torch.sparse.SparseTensor(indices, values, *, device=) is deprecated.  Please use torch.sparse_coo_tensor(indices, values, dtype=, device=). (Triggered internally at /pytorch/torch/csrc/utils/tensor_new.cpp:642.)
  out = torch.sparse.FloatTensor(idx.t(),vals).coalesce()
/home/victoriayang425/229_Project/taskers_utils.py:98: UserWarning: torch.sparse.SparseTensor(indices, values, *, device=) is deprecated.  Please use torch.sparse_coo_tensor(indices, values, dtype=, device=). (Triggered internally at /pytorch/torch/csrc/utils/tensor_new.cpp:642.)
  out = torch.sparse.FloatTensor(idx.t(),vals).coalesce()
/home/victoriayang425/229_Project/taskers_utils.py:98: UserWarning: torch.sparse.SparseTensor(indices, values, *, device=) is deprecated.  Please use torch.sparse_coo_tensor(indices, values, dtype=, device=). (Triggered internally at /pytorch/torch/csrc/utils/tensor_new.cpp:642.)
  out = torch.sparse.FloatTensor(idx.t(),vals).coalesce()
/home/victoriayang425/229_Project/taskers_utils.py:98: UserWarning: torch.sparse.SparseTensor(indices, values, *, device=) is deprecated.  Please use torch.sparse_coo_tensor(indices, values, dtype=, device=). (Triggered internally at /pytorch/torch/csrc/utils/tensor_new.cpp:642.)
  out = torch.sparse.FloatTensor(idx.t(),vals).coalesce()
/home/victoriayang425/229_Project/taskers_utils.py:98: UserWarning: torch.sparse.SparseTensor(indices, values, *, device=) is deprecated.  Please use torch.sparse_coo_tensor(indices, values, dtype=, device=). (Triggered internally at /pytorch/torch/csrc/utils/tensor_new.cpp:642.)
  out = torch.sparse.FloatTensor(idx.t(),vals).coalesce()
/home/victoriayang425/229_Project/taskers_utils.py:98: UserWarning: torch.sparse.SparseTensor(indices, values, *, device=) is deprecated.  Please use torch.sparse_coo_tensor(indices, values, dtype=, device=). (Triggered internally at /pytorch/torch/csrc/utils/tensor_new.cpp:642.)
  out = torch.sparse.FloatTensor(idx.t(),vals).coalesce()
/home/victoriayang425/229_Project/taskers_utils.py:98: UserWarning: torch.sparse.SparseTensor(indices, values, *, device=) is deprecated.  Please use torch.sparse_coo_tensor(indices, values, dtype=, device=). (Triggered internally at /pytorch/torch/csrc/utils/tensor_new.cpp:642.)
  out = torch.sparse.FloatTensor(idx.t(),vals).coalesce()
/home/victoriayang425/229_Project/taskers_utils.py:98: UserWarning: torch.sparse.SparseTensor(indices, values, *, device=) is deprecated.  Please use torch.sparse_coo_tensor(indices, values, dtype=, device=). (Triggered internally at /pytorch/torch/csrc/utils/tensor_new.cpp:642.)
  out = torch.sparse.FloatTensor(idx.t(),vals).coalesce()
/home/victoriayang425/229_Project/taskers_utils.py:98: UserWarning: torch.sparse.SparseTensor(indices, values, *, device=) is deprecated.  Please use torch.sparse_coo_tensor(indices, values, dtype=, device=). (Triggered internally at /pytorch/torch/csrc/utils/tensor_new.cpp:642.)
  out = torch.sparse.FloatTensor(idx.t(),vals).coalesce()
/home/victoriayang425/229_Project/taskers_utils.py:98: UserWarning: torch.sparse.SparseTensor(indices, values, *, device=) is deprecated.  Please use torch.sparse_coo_tensor(indices, values, dtype=, device=). (Triggered internally at /pytorch/torch/csrc/utils/tensor_new.cpp:642.)
  out = torch.sparse.FloatTensor(idx.t(),vals).coalesce()
/home/victoriayang425/229_Project/taskers_utils.py:98: UserWarning: torch.sparse.SparseTensor(indices, values, *, device=) is deprecated.  Please use torch.sparse_coo_tensor(indices, values, dtype=, device=). (Triggered internally at /pytorch/torch/csrc/utils/tensor_new.cpp:642.)
  out = torch.sparse.FloatTensor(idx.t(),vals).coalesce()
/home/victoriayang425/229_Project/taskers_utils.py:98: UserWarning: torch.sparse.SparseTensor(indices, values, *, device=) is deprecated.  Please use torch.sparse_coo_tensor(indices, values, dtype=, device=). (Triggered internally at /pytorch/torch/csrc/utils/tensor_new.cpp:642.)
  out = torch.sparse.FloatTensor(idx.t(),vals).coalesce()
/home/victoriayang425/229_Project/taskers_utils.py:98: UserWarning: torch.sparse.SparseTensor(indices, values, *, device=) is deprecated.  Please use torch.sparse_coo_tensor(indices, values, dtype=, device=). (Triggered internally at /pytorch/torch/csrc/utils/tensor_new.cpp:642.)
  out = torch.sparse.FloatTensor(idx.t(),vals).coalesce()
/home/victoriayang425/229_Project/taskers_utils.py:98: UserWarning: torch.sparse.SparseTensor(indices, values, *, device=) is deprecated.  Please use torch.sparse_coo_tensor(indices, values, dtype=, device=). (Triggered internally at /pytorch/torch/csrc/utils/tensor_new.cpp:642.)
  out = torch.sparse.FloatTensor(idx.t(),vals).coalesce()
/home/victoriayang425/229_Project/taskers_utils.py:98: UserWarning: torch.sparse.SparseTensor(indices, values, *, device=) is deprecated.  Please use torch.sparse_coo_tensor(indices, values, dtype=, device=). (Triggered internally at /pytorch/torch/csrc/utils/tensor_new.cpp:642.)
  out = torch.sparse.FloatTensor(idx.t(),vals).coalesce()
/home/victoriayang425/229_Project/taskers_utils.py:98: UserWarning: torch.sparse.SparseTensor(indices, values, *, device=) is deprecated.  Please use torch.sparse_coo_tensor(indices, values, dtype=, device=). (Triggered internally at /pytorch/torch/csrc/utils/tensor_new.cpp:642.)
  out = torch.sparse.FloatTensor(idx.t(),vals).coalesce()
/home/victoriayang425/229_Project/taskers_utils.py:98: UserWarning: torch.sparse.SparseTensor(indices, values, *, device=) is deprecated.  Please use torch.sparse_coo_tensor(indices, values, dtype=, device=). (Triggered internally at /pytorch/torch/csrc/utils/tensor_new.cpp:642.)
  out = torch.sparse.FloatTensor(idx.t(),vals).coalesce()
/home/victoriayang425/229_Project/taskers_utils.py:98: UserWarning: torch.sparse.SparseTensor(indices, values, *, device=) is deprecated.  Please use torch.sparse_coo_tensor(indices, values, dtype=, device=). (Triggered internally at /pytorch/torch/csrc/utils/tensor_new.cpp:642.)
  out = torch.sparse.FloatTensor(idx.t(),vals).coalesce()
/home/victoriayang425/229_Project/taskers_utils.py:98: UserWarning: torch.sparse.SparseTensor(indices, values, *, device=) is deprecated.  Please use torch.sparse_coo_tensor(indices, values, dtype=, device=). (Triggered internally at /pytorch/torch/csrc/utils/tensor_new.cpp:642.)
  out = torch.sparse.FloatTensor(idx.t(),vals).coalesce()
/home/victoriayang425/229_Project/taskers_utils.py:98: UserWarning: torch.sparse.SparseTensor(indices, values, *, device=) is deprecated.  Please use torch.sparse_coo_tensor(indices, values, dtype=, device=). (Triggered internally at /pytorch/torch/csrc/utils/tensor_new.cpp:642.)
  out = torch.sparse.FloatTensor(idx.t(),vals).coalesce()
/home/victoriayang425/229_Project/taskers_utils.py:98: UserWarning: torch.sparse.SparseTensor(indices, values, *, device=) is deprecated.  Please use torch.sparse_coo_tensor(indices, values, dtype=, device=). (Triggered internally at /pytorch/torch/csrc/utils/tensor_new.cpp:642.)
  out = torch.sparse.FloatTensor(idx.t(),vals).coalesce()
/home/victoriayang425/229_Project/taskers_utils.py:98: UserWarning: torch.sparse.SparseTensor(indices, values, *, device=) is deprecated.  Please use torch.sparse_coo_tensor(indices, values, dtype=, device=). (Triggered internally at /pytorch/torch/csrc/utils/tensor_new.cpp:642.)
  out = torch.sparse.FloatTensor(idx.t(),vals).coalesce()
/home/victoriayang425/229_Project/taskers_utils.py:98: UserWarning: torch.sparse.SparseTensor(indices, values, *, device=) is deprecated.  Please use torch.sparse_coo_tensor(indices, values, dtype=, device=). (Triggered internally at /pytorch/torch/csrc/utils/tensor_new.cpp:642.)
  out = torch.sparse.FloatTensor(idx.t(),vals).coalesce()
/home/victoriayang425/229_Project/taskers_utils.py:98: UserWarning: torch.sparse.SparseTensor(indices, values, *, device=) is deprecated.  Please use torch.sparse_coo_tensor(indices, values, dtype=, device=). (Triggered internally at /pytorch/torch/csrc/utils/tensor_new.cpp:642.)
  out = torch.sparse.FloatTensor(idx.t(),vals).coalesce()
/home/victoriayang425/229_Project/taskers_utils.py:98: UserWarning: torch.sparse.SparseTensor(indices, values, *, device=) is deprecated.  Please use torch.sparse_coo_tensor(indices, values, dtype=, device=). (Triggered internally at /pytorch/torch/csrc/utils/tensor_new.cpp:642.)
  out = torch.sparse.FloatTensor(idx.t(),vals).coalesce()
/home/victoriayang425/229_Project/taskers_utils.py:98: UserWarning: torch.sparse.SparseTensor(indices, values, *, device=) is deprecated.  Please use torch.sparse_coo_tensor(indices, values, dtype=, device=). (Triggered internally at /pytorch/torch/csrc/utils/tensor_new.cpp:642.)
  out = torch.sparse.FloatTensor(idx.t(),vals).coalesce()
/home/victoriayang425/229_Project/taskers_utils.py:98: UserWarning: torch.sparse.SparseTensor(indices, values, *, device=) is deprecated.  Please use torch.sparse_coo_tensor(indices, values, dtype=, device=). (Triggered internally at /pytorch/torch/csrc/utils/tensor_new.cpp:642.)
  out = torch.sparse.FloatTensor(idx.t(),vals).coalesce()
/home/victoriayang425/229_Project/taskers_utils.py:98: UserWarning: torch.sparse.SparseTensor(indices, values, *, device=) is deprecated.  Please use torch.sparse_coo_tensor(indices, values, dtype=, device=). (Triggered internally at /pytorch/torch/csrc/utils/tensor_new.cpp:642.)
  out = torch.sparse.FloatTensor(idx.t(),vals).coalesce()
/home/victoriayang425/229_Project/taskers_utils.py:98: UserWarning: torch.sparse.SparseTensor(indices, values, *, device=) is deprecated.  Please use torch.sparse_coo_tensor(indices, values, dtype=, device=). (Triggered internally at /pytorch/torch/csrc/utils/tensor_new.cpp:642.)
  out = torch.sparse.FloatTensor(idx.t(),vals).coalesce()
/home/victoriayang425/229_Project/taskers_utils.py:98: UserWarning: torch.sparse.SparseTensor(indices, values, *, device=) is deprecated.  Please use torch.sparse_coo_tensor(indices, values, dtype=, device=). (Triggered internally at /pytorch/torch/csrc/utils/tensor_new.cpp:642.)
  out = torch.sparse.FloatTensor(idx.t(),vals).coalesce()
/home/victoriayang425/229_Project/taskers_utils.py:98: UserWarning: torch.sparse.SparseTensor(indices, values, *, device=) is deprecated.  Please use torch.sparse_coo_tensor(indices, values, dtype=, device=). (Triggered internally at /pytorch/torch/csrc/utils/tensor_new.cpp:642.)
  out = torch.sparse.FloatTensor(idx.t(),vals).coalesce()
/home/victoriayang425/229_Project/taskers_utils.py:98: UserWarning: torch.sparse.SparseTensor(indices, values, *, device=) is deprecated.  Please use torch.sparse_coo_tensor(indices, values, dtype=, device=). (Triggered internally at /pytorch/torch/csrc/utils/tensor_new.cpp:642.)
  out = torch.sparse.FloatTensor(idx.t(),vals).coalesce()
/home/victoriayang425/229_Project/taskers_utils.py:98: UserWarning: torch.sparse.SparseTensor(indices, values, *, device=) is deprecated.  Please use torch.sparse_coo_tensor(indices, values, dtype=, device=). (Triggered internally at /pytorch/torch/csrc/utils/tensor_new.cpp:642.)
  out = torch.sparse.FloatTensor(idx.t(),vals).coalesce()
/home/victoriayang425/229_Project/taskers_utils.py:98: UserWarning: torch.sparse.SparseTensor(indices, values, *, device=) is deprecated.  Please use torch.sparse_coo_tensor(indices, values, dtype=, device=). (Triggered internally at /pytorch/torch/csrc/utils/tensor_new.cpp:642.)
  out = torch.sparse.FloatTensor(idx.t(),vals).coalesce()
/home/victoriayang425/229_Project/taskers_utils.py:98: UserWarning: torch.sparse.SparseTensor(indices, values, *, device=) is deprecated.  Please use torch.sparse_coo_tensor(indices, values, dtype=, device=). (Triggered internally at /pytorch/torch/csrc/utils/tensor_new.cpp:642.)
  out = torch.sparse.FloatTensor(idx.t(),vals).coalesce()
/home/victoriayang425/229_Project/taskers_utils.py:98: UserWarning: torch.sparse.SparseTensor(indices, values, *, device=) is deprecated.  Please use torch.sparse_coo_tensor(indices, values, dtype=, device=). (Triggered internally at /pytorch/torch/csrc/utils/tensor_new.cpp:642.)
  out = torch.sparse.FloatTensor(idx.t(),vals).coalesce()
/home/victoriayang425/229_Project/taskers_utils.py:98: UserWarning: torch.sparse.SparseTensor(indices, values, *, device=) is deprecated.  Please use torch.sparse_coo_tensor(indices, values, dtype=, device=). (Triggered internally at /pytorch/torch/csrc/utils/tensor_new.cpp:642.)
  out = torch.sparse.FloatTensor(idx.t(),vals).coalesce()
/home/victoriayang425/229_Project/taskers_utils.py:98: UserWarning: torch.sparse.SparseTensor(indices, values, *, device=) is deprecated.  Please use torch.sparse_coo_tensor(indices, values, dtype=, device=). (Triggered internally at /pytorch/torch/csrc/utils/tensor_new.cpp:642.)
  out = torch.sparse.FloatTensor(idx.t(),vals).coalesce()
/home/victoriayang425/229_Project/taskers_utils.py:98: UserWarning: torch.sparse.SparseTensor(indices, values, *, device=) is deprecated.  Please use torch.sparse_coo_tensor(indices, values, dtype=, device=). (Triggered internally at /pytorch/torch/csrc/utils/tensor_new.cpp:642.)
  out = torch.sparse.FloatTensor(idx.t(),vals).coalesce()
/home/victoriayang425/229_Project/taskers_utils.py:98: UserWarning: torch.sparse.SparseTensor(indices, values, *, device=) is deprecated.  Please use torch.sparse_coo_tensor(indices, values, dtype=, device=). (Triggered internally at /pytorch/torch/csrc/utils/tensor_new.cpp:642.)
  out = torch.sparse.FloatTensor(idx.t(),vals).coalesce()
/home/victoriayang425/229_Project/taskers_utils.py:98: UserWarning: torch.sparse.SparseTensor(indices, values, *, device=) is deprecated.  Please use torch.sparse_coo_tensor(indices, values, dtype=, device=). (Triggered internally at /pytorch/torch/csrc/utils/tensor_new.cpp:642.)
  out = torch.sparse.FloatTensor(idx.t(),vals).coalesce()
/home/victoriayang425/229_Project/taskers_utils.py:98: UserWarning: torch.sparse.SparseTensor(indices, values, *, device=) is deprecated.  Please use torch.sparse_coo_tensor(indices, values, dtype=, device=). (Triggered internally at /pytorch/torch/csrc/utils/tensor_new.cpp:642.)
  out = torch.sparse.FloatTensor(idx.t(),vals).coalesce()
/home/victoriayang425/229_Project/taskers_utils.py:98: UserWarning: torch.sparse.SparseTensor(indices, values, *, device=) is deprecated.  Please use torch.sparse_coo_tensor(indices, values, dtype=, device=). (Triggered internally at /pytorch/torch/csrc/utils/tensor_new.cpp:642.)
  out = torch.sparse.FloatTensor(idx.t(),vals).coalesce()
/home/victoriayang425/229_Project/taskers_utils.py:98: UserWarning: torch.sparse.SparseTensor(indices, values, *, device=) is deprecated.  Please use torch.sparse_coo_tensor(indices, values, dtype=, device=). (Triggered internally at /pytorch/torch/csrc/utils/tensor_new.cpp:642.)
  out = torch.sparse.FloatTensor(idx.t(),vals).coalesce()
/home/victoriayang425/229_Project/taskers_utils.py:98: UserWarning: torch.sparse.SparseTensor(indices, values, *, device=) is deprecated.  Please use torch.sparse_coo_tensor(indices, values, dtype=, device=). (Triggered internally at /pytorch/torch/csrc/utils/tensor_new.cpp:642.)
  out = torch.sparse.FloatTensor(idx.t(),vals).coalesce()
/home/victoriayang425/229_Project/taskers_utils.py:98: UserWarning: torch.sparse.SparseTensor(indices, values, *, device=) is deprecated.  Please use torch.sparse_coo_tensor(indices, values, dtype=, device=). (Triggered internally at /pytorch/torch/csrc/utils/tensor_new.cpp:642.)
  out = torch.sparse.FloatTensor(idx.t(),vals).coalesce()
/home/victoriayang425/229_Project/taskers_utils.py:98: UserWarning: torch.sparse.SparseTensor(indices, values, *, device=) is deprecated.  Please use torch.sparse_coo_tensor(indices, values, dtype=, device=). (Triggered internally at /pytorch/torch/csrc/utils/tensor_new.cpp:642.)
  out = torch.sparse.FloatTensor(idx.t(),vals).coalesce()
/home/victoriayang425/229_Project/taskers_utils.py:98: UserWarning: torch.sparse.SparseTensor(indices, values, *, device=) is deprecated.  Please use torch.sparse_coo_tensor(indices, values, dtype=, device=). (Triggered internally at /pytorch/torch/csrc/utils/tensor_new.cpp:642.)
  out = torch.sparse.FloatTensor(idx.t(),vals).coalesce()
/home/victoriayang425/229_Project/taskers_utils.py:98: UserWarning: torch.sparse.SparseTensor(indices, values, *, device=) is deprecated.  Please use torch.sparse_coo_tensor(indices, values, dtype=, device=). (Triggered internally at /pytorch/torch/csrc/utils/tensor_new.cpp:642.)
  out = torch.sparse.FloatTensor(idx.t(),vals).coalesce()
/home/victoriayang425/229_Project/taskers_utils.py:98: UserWarning: torch.sparse.SparseTensor(indices, values, *, device=) is deprecated.  Please use torch.sparse_coo_tensor(indices, values, dtype=, device=). (Triggered internally at /pytorch/torch/csrc/utils/tensor_new.cpp:642.)
  out = torch.sparse.FloatTensor(idx.t(),vals).coalesce()
/home/victoriayang425/229_Project/taskers_utils.py:98: UserWarning: torch.sparse.SparseTensor(indices, values, *, device=) is deprecated.  Please use torch.sparse_coo_tensor(indices, values, dtype=, device=). (Triggered internally at /pytorch/torch/csrc/utils/tensor_new.cpp:642.)
  out = torch.sparse.FloatTensor(idx.t(),vals).coalesce()
/home/victoriayang425/229_Project/taskers_utils.py:98: UserWarning: torch.sparse.SparseTensor(indices, values, *, device=) is deprecated.  Please use torch.sparse_coo_tensor(indices, values, dtype=, device=). (Triggered internally at /pytorch/torch/csrc/utils/tensor_new.cpp:642.)
  out = torch.sparse.FloatTensor(idx.t(),vals).coalesce()
/home/victoriayang425/229_Project/taskers_utils.py:98: UserWarning: torch.sparse.SparseTensor(indices, values, *, device=) is deprecated.  Please use torch.sparse_coo_tensor(indices, values, dtype=, device=). (Triggered internally at /pytorch/torch/csrc/utils/tensor_new.cpp:642.)
  out = torch.sparse.FloatTensor(idx.t(),vals).coalesce()
/home/victoriayang425/229_Project/taskers_utils.py:98: UserWarning: torch.sparse.SparseTensor(indices, values, *, device=) is deprecated.  Please use torch.sparse_coo_tensor(indices, values, dtype=, device=). (Triggered internally at /pytorch/torch/csrc/utils/tensor_new.cpp:642.)
  out = torch.sparse.FloatTensor(idx.t(),vals).coalesce()
/home/victoriayang425/229_Project/taskers_utils.py:98: UserWarning: torch.sparse.SparseTensor(indices, values, *, device=) is deprecated.  Please use torch.sparse_coo_tensor(indices, values, dtype=, device=). (Triggered internally at /pytorch/torch/csrc/utils/tensor_new.cpp:642.)
  out = torch.sparse.FloatTensor(idx.t(),vals).coalesce()
/home/victoriayang425/229_Project/taskers_utils.py:98: UserWarning: torch.sparse.SparseTensor(indices, values, *, device=) is deprecated.  Please use torch.sparse_coo_tensor(indices, values, dtype=, device=). (Triggered internally at /pytorch/torch/csrc/utils/tensor_new.cpp:642.)
  out = torch.sparse.FloatTensor(idx.t(),vals).coalesce()
/home/victoriayang425/229_Project/taskers_utils.py:98: UserWarning: torch.sparse.SparseTensor(indices, values, *, device=) is deprecated.  Please use torch.sparse_coo_tensor(indices, values, dtype=, device=). (Triggered internally at /pytorch/torch/csrc/utils/tensor_new.cpp:642.)
  out = torch.sparse.FloatTensor(idx.t(),vals).coalesce()
/home/victoriayang425/229_Project/taskers_utils.py:98: UserWarning: torch.sparse.SparseTensor(indices, values, *, device=) is deprecated.  Please use torch.sparse_coo_tensor(indices, values, dtype=, device=). (Triggered internally at /pytorch/torch/csrc/utils/tensor_new.cpp:642.)
  out = torch.sparse.FloatTensor(idx.t(),vals).coalesce()
/home/victoriayang425/229_Project/taskers_utils.py:98: UserWarning: torch.sparse.SparseTensor(indices, values, *, device=) is deprecated.  Please use torch.sparse_coo_tensor(indices, values, dtype=, device=). (Triggered internally at /pytorch/torch/csrc/utils/tensor_new.cpp:642.)
  out = torch.sparse.FloatTensor(idx.t(),vals).coalesce()
/home/victoriayang425/229_Project/taskers_utils.py:98: UserWarning: torch.sparse.SparseTensor(indices, values, *, device=) is deprecated.  Please use torch.sparse_coo_tensor(indices, values, dtype=, device=). (Triggered internally at /pytorch/torch/csrc/utils/tensor_new.cpp:642.)
  out = torch.sparse.FloatTensor(idx.t(),vals).coalesce()
/home/victoriayang425/229_Project/taskers_utils.py:98: UserWarning: torch.sparse.SparseTensor(indices, values, *, device=) is deprecated.  Please use torch.sparse_coo_tensor(indices, values, dtype=, device=). (Triggered internally at /pytorch/torch/csrc/utils/tensor_new.cpp:642.)
  out = torch.sparse.FloatTensor(idx.t(),vals).coalesce()
/home/victoriayang425/229_Project/taskers_utils.py:98: UserWarning: torch.sparse.SparseTensor(indices, values, *, device=) is deprecated.  Please use torch.sparse_coo_tensor(indices, values, dtype=, device=). (Triggered internally at /pytorch/torch/csrc/utils/tensor_new.cpp:642.)
  out = torch.sparse.FloatTensor(idx.t(),vals).coalesce()
/home/victoriayang425/229_Project/taskers_utils.py:98: UserWarning: torch.sparse.SparseTensor(indices, values, *, device=) is deprecated.  Please use torch.sparse_coo_tensor(indices, values, dtype=, device=). (Triggered internally at /pytorch/torch/csrc/utils/tensor_new.cpp:642.)
  out = torch.sparse.FloatTensor(idx.t(),vals).coalesce()
/home/victoriayang425/229_Project/taskers_utils.py:98: UserWarning: torch.sparse.SparseTensor(indices, values, *, device=) is deprecated.  Please use torch.sparse_coo_tensor(indices, values, dtype=, device=). (Triggered internally at /pytorch/torch/csrc/utils/tensor_new.cpp:642.)
  out = torch.sparse.FloatTensor(idx.t(),vals).coalesce()
/home/victoriayang425/229_Project/taskers_utils.py:98: UserWarning: torch.sparse.SparseTensor(indices, values, *, device=) is deprecated.  Please use torch.sparse_coo_tensor(indices, values, dtype=, device=). (Triggered internally at /pytorch/torch/csrc/utils/tensor_new.cpp:642.)
  out = torch.sparse.FloatTensor(idx.t(),vals).coalesce()
/home/victoriayang425/229_Project/taskers_utils.py:98: UserWarning: torch.sparse.SparseTensor(indices, values, *, device=) is deprecated.  Please use torch.sparse_coo_tensor(indices, values, dtype=, device=). (Triggered internally at /pytorch/torch/csrc/utils/tensor_new.cpp:642.)
  out = torch.sparse.FloatTensor(idx.t(),vals).coalesce()
/home/victoriayang425/229_Project/taskers_utils.py:98: UserWarning: torch.sparse.SparseTensor(indices, values, *, device=) is deprecated.  Please use torch.sparse_coo_tensor(indices, values, dtype=, device=). (Triggered internally at /pytorch/torch/csrc/utils/tensor_new.cpp:642.)
  out = torch.sparse.FloatTensor(idx.t(),vals).coalesce()
/home/victoriayang425/229_Project/taskers_utils.py:98: UserWarning: torch.sparse.SparseTensor(indices, values, *, device=) is deprecated.  Please use torch.sparse_coo_tensor(indices, values, dtype=, device=). (Triggered internally at /pytorch/torch/csrc/utils/tensor_new.cpp:642.)
  out = torch.sparse.FloatTensor(idx.t(),vals).coalesce()
/home/victoriayang425/229_Project/taskers_utils.py:98: UserWarning: torch.sparse.SparseTensor(indices, values, *, device=) is deprecated.  Please use torch.sparse_coo_tensor(indices, values, dtype=, device=). (Triggered internally at /pytorch/torch/csrc/utils/tensor_new.cpp:642.)
  out = torch.sparse.FloatTensor(idx.t(),vals).coalesce()
/home/victoriayang425/229_Project/taskers_utils.py:98: UserWarning: torch.sparse.SparseTensor(indices, values, *, device=) is deprecated.  Please use torch.sparse_coo_tensor(indices, values, dtype=, device=). (Triggered internally at /pytorch/torch/csrc/utils/tensor_new.cpp:642.)
  out = torch.sparse.FloatTensor(idx.t(),vals).coalesce()
/home/victoriayang425/229_Project/taskers_utils.py:98: UserWarning: torch.sparse.SparseTensor(indices, values, *, device=) is deprecated.  Please use torch.sparse_coo_tensor(indices, values, dtype=, device=). (Triggered internally at /pytorch/torch/csrc/utils/tensor_new.cpp:642.)
  out = torch.sparse.FloatTensor(idx.t(),vals).coalesce()
/home/victoriayang425/229_Project/taskers_utils.py:98: UserWarning: torch.sparse.SparseTensor(indices, values, *, device=) is deprecated.  Please use torch.sparse_coo_tensor(indices, values, dtype=, device=). (Triggered internally at /pytorch/torch/csrc/utils/tensor_new.cpp:642.)
  out = torch.sparse.FloatTensor(idx.t(),vals).coalesce()
/home/victoriayang425/229_Project/taskers_utils.py:98: UserWarning: torch.sparse.SparseTensor(indices, values, *, device=) is deprecated.  Please use torch.sparse_coo_tensor(indices, values, dtype=, device=). (Triggered internally at /pytorch/torch/csrc/utils/tensor_new.cpp:642.)
  out = torch.sparse.FloatTensor(idx.t(),vals).coalesce()
/home/victoriayang425/229_Project/taskers_utils.py:98: UserWarning: torch.sparse.SparseTensor(indices, values, *, device=) is deprecated.  Please use torch.sparse_coo_tensor(indices, values, dtype=, device=). (Triggered internally at /pytorch/torch/csrc/utils/tensor_new.cpp:642.)
  out = torch.sparse.FloatTensor(idx.t(),vals).coalesce()
/home/victoriayang425/229_Project/taskers_utils.py:98: UserWarning: torch.sparse.SparseTensor(indices, values, *, device=) is deprecated.  Please use torch.sparse_coo_tensor(indices, values, dtype=, device=). (Triggered internally at /pytorch/torch/csrc/utils/tensor_new.cpp:642.)
  out = torch.sparse.FloatTensor(idx.t(),vals).coalesce()
/home/victoriayang425/229_Project/taskers_utils.py:98: UserWarning: torch.sparse.SparseTensor(indices, values, *, device=) is deprecated.  Please use torch.sparse_coo_tensor(indices, values, dtype=, device=). (Triggered internally at /pytorch/torch/csrc/utils/tensor_new.cpp:642.)
  out = torch.sparse.FloatTensor(idx.t(),vals).coalesce()
/home/victoriayang425/229_Project/taskers_utils.py:98: UserWarning: torch.sparse.SparseTensor(indices, values, *, device=) is deprecated.  Please use torch.sparse_coo_tensor(indices, values, dtype=, device=). (Triggered internally at /pytorch/torch/csrc/utils/tensor_new.cpp:642.)
  out = torch.sparse.FloatTensor(idx.t(),vals).coalesce()
/home/victoriayang425/229_Project/taskers_utils.py:98: UserWarning: torch.sparse.SparseTensor(indices, values, *, device=) is deprecated.  Please use torch.sparse_coo_tensor(indices, values, dtype=, device=). (Triggered internally at /pytorch/torch/csrc/utils/tensor_new.cpp:642.)
  out = torch.sparse.FloatTensor(idx.t(),vals).coalesce()
/home/victoriayang425/229_Project/taskers_utils.py:98: UserWarning: torch.sparse.SparseTensor(indices, values, *, device=) is deprecated.  Please use torch.sparse_coo_tensor(indices, values, dtype=, device=). (Triggered internally at /pytorch/torch/csrc/utils/tensor_new.cpp:642.)
  out = torch.sparse.FloatTensor(idx.t(),vals).coalesce()
/home/victoriayang425/229_Project/taskers_utils.py:98: UserWarning: torch.sparse.SparseTensor(indices, values, *, device=) is deprecated.  Please use torch.sparse_coo_tensor(indices, values, dtype=, device=). (Triggered internally at /pytorch/torch/csrc/utils/tensor_new.cpp:642.)
  out = torch.sparse.FloatTensor(idx.t(),vals).coalesce()
/home/victoriayang425/229_Project/taskers_utils.py:98: UserWarning: torch.sparse.SparseTensor(indices, values, *, device=) is deprecated.  Please use torch.sparse_coo_tensor(indices, values, dtype=, device=). (Triggered internally at /pytorch/torch/csrc/utils/tensor_new.cpp:642.)
  out = torch.sparse.FloatTensor(idx.t(),vals).coalesce()
/home/victoriayang425/229_Project/taskers_utils.py:98: UserWarning: torch.sparse.SparseTensor(indices, values, *, device=) is deprecated.  Please use torch.sparse_coo_tensor(indices, values, dtype=, device=). (Triggered internally at /pytorch/torch/csrc/utils/tensor_new.cpp:642.)
  out = torch.sparse.FloatTensor(idx.t(),vals).coalesce()
/home/victoriayang425/229_Project/taskers_utils.py:98: UserWarning: torch.sparse.SparseTensor(indices, values, *, device=) is deprecated.  Please use torch.sparse_coo_tensor(indices, values, dtype=, device=). (Triggered internally at /pytorch/torch/csrc/utils/tensor_new.cpp:642.)
  out = torch.sparse.FloatTensor(idx.t(),vals).coalesce()
/home/victoriayang425/229_Project/taskers_utils.py:98: UserWarning: torch.sparse.SparseTensor(indices, values, *, device=) is deprecated.  Please use torch.sparse_coo_tensor(indices, values, dtype=, device=). (Triggered internally at /pytorch/torch/csrc/utils/tensor_new.cpp:642.)
  out = torch.sparse.FloatTensor(idx.t(),vals).coalesce()
/home/victoriayang425/229_Project/taskers_utils.py:98: UserWarning: torch.sparse.SparseTensor(indices, values, *, device=) is deprecated.  Please use torch.sparse_coo_tensor(indices, values, dtype=, device=). (Triggered internally at /pytorch/torch/csrc/utils/tensor_new.cpp:642.)
  out = torch.sparse.FloatTensor(idx.t(),vals).coalesce()
/home/victoriayang425/229_Project/taskers_utils.py:98: UserWarning: torch.sparse.SparseTensor(indices, values, *, device=) is deprecated.  Please use torch.sparse_coo_tensor(indices, values, dtype=, device=). (Triggered internally at /pytorch/torch/csrc/utils/tensor_new.cpp:642.)
  out = torch.sparse.FloatTensor(idx.t(),vals).coalesce()
/home/victoriayang425/229_Project/taskers_utils.py:98: UserWarning: torch.sparse.SparseTensor(indices, values, *, device=) is deprecated.  Please use torch.sparse_coo_tensor(indices, values, dtype=, device=). (Triggered internally at /pytorch/torch/csrc/utils/tensor_new.cpp:642.)
  out = torch.sparse.FloatTensor(idx.t(),vals).coalesce()
/home/victoriayang425/229_Project/taskers_utils.py:98: UserWarning: torch.sparse.SparseTensor(indices, values, *, device=) is deprecated.  Please use torch.sparse_coo_tensor(indices, values, dtype=, device=). (Triggered internally at /pytorch/torch/csrc/utils/tensor_new.cpp:642.)
  out = torch.sparse.FloatTensor(idx.t(),vals).coalesce()
/home/victoriayang425/229_Project/taskers_utils.py:98: UserWarning: torch.sparse.SparseTensor(indices, values, *, device=) is deprecated.  Please use torch.sparse_coo_tensor(indices, values, dtype=, device=). (Triggered internally at /pytorch/torch/csrc/utils/tensor_new.cpp:642.)
  out = torch.sparse.FloatTensor(idx.t(),vals).coalesce()
/home/victoriayang425/229_Project/taskers_utils.py:98: UserWarning: torch.sparse.SparseTensor(indices, values, *, device=) is deprecated.  Please use torch.sparse_coo_tensor(indices, values, dtype=, device=). (Triggered internally at /pytorch/torch/csrc/utils/tensor_new.cpp:642.)
  out = torch.sparse.FloatTensor(idx.t(),vals).coalesce()
/home/victoriayang425/229_Project/taskers_utils.py:98: UserWarning: torch.sparse.SparseTensor(indices, values, *, device=) is deprecated.  Please use torch.sparse_coo_tensor(indices, values, dtype=, device=). (Triggered internally at /pytorch/torch/csrc/utils/tensor_new.cpp:642.)
  out = torch.sparse.FloatTensor(idx.t(),vals).coalesce()
/home/victoriayang425/229_Project/taskers_utils.py:98: UserWarning: torch.sparse.SparseTensor(indices, values, *, device=) is deprecated.  Please use torch.sparse_coo_tensor(indices, values, dtype=, device=). (Triggered internally at /pytorch/torch/csrc/utils/tensor_new.cpp:642.)
  out = torch.sparse.FloatTensor(idx.t(),vals).coalesce()
/home/victoriayang425/229_Project/taskers_utils.py:98: UserWarning: torch.sparse.SparseTensor(indices, values, *, device=) is deprecated.  Please use torch.sparse_coo_tensor(indices, values, dtype=, device=). (Triggered internally at /pytorch/torch/csrc/utils/tensor_new.cpp:642.)
  out = torch.sparse.FloatTensor(idx.t(),vals).coalesce()
/home/victoriayang425/229_Project/taskers_utils.py:98: UserWarning: torch.sparse.SparseTensor(indices, values, *, device=) is deprecated.  Please use torch.sparse_coo_tensor(indices, values, dtype=, device=). (Triggered internally at /pytorch/torch/csrc/utils/tensor_new.cpp:642.)
  out = torch.sparse.FloatTensor(idx.t(),vals).coalesce()
/home/victoriayang425/229_Project/taskers_utils.py:98: UserWarning: torch.sparse.SparseTensor(indices, values, *, device=) is deprecated.  Please use torch.sparse_coo_tensor(indices, values, dtype=, device=). (Triggered internally at /pytorch/torch/csrc/utils/tensor_new.cpp:642.)
  out = torch.sparse.FloatTensor(idx.t(),vals).coalesce()
/home/victoriayang425/229_Project/taskers_utils.py:98: UserWarning: torch.sparse.SparseTensor(indices, values, *, device=) is deprecated.  Please use torch.sparse_coo_tensor(indices, values, dtype=, device=). (Triggered internally at /pytorch/torch/csrc/utils/tensor_new.cpp:642.)
  out = torch.sparse.FloatTensor(idx.t(),vals).coalesce()
/home/victoriayang425/229_Project/taskers_utils.py:98: UserWarning: torch.sparse.SparseTensor(indices, values, *, device=) is deprecated.  Please use torch.sparse_coo_tensor(indices, values, dtype=, device=). (Triggered internally at /pytorch/torch/csrc/utils/tensor_new.cpp:642.)
  out = torch.sparse.FloatTensor(idx.t(),vals).coalesce()
/home/victoriayang425/229_Project/taskers_utils.py:98: UserWarning: torch.sparse.SparseTensor(indices, values, *, device=) is deprecated.  Please use torch.sparse_coo_tensor(indices, values, dtype=, device=). (Triggered internally at /pytorch/torch/csrc/utils/tensor_new.cpp:642.)
  out = torch.sparse.FloatTensor(idx.t(),vals).coalesce()
/home/victoriayang425/229_Project/taskers_utils.py:98: UserWarning: torch.sparse.SparseTensor(indices, values, *, device=) is deprecated.  Please use torch.sparse_coo_tensor(indices, values, dtype=, device=). (Triggered internally at /pytorch/torch/csrc/utils/tensor_new.cpp:642.)
  out = torch.sparse.FloatTensor(idx.t(),vals).coalesce()
/home/victoriayang425/229_Project/taskers_utils.py:98: UserWarning: torch.sparse.SparseTensor(indices, values, *, device=) is deprecated.  Please use torch.sparse_coo_tensor(indices, values, dtype=, device=). (Triggered internally at /pytorch/torch/csrc/utils/tensor_new.cpp:642.)
  out = torch.sparse.FloatTensor(idx.t(),vals).coalesce()
/home/victoriayang425/229_Project/taskers_utils.py:98: UserWarning: torch.sparse.SparseTensor(indices, values, *, device=) is deprecated.  Please use torch.sparse_coo_tensor(indices, values, dtype=, device=). (Triggered internally at /pytorch/torch/csrc/utils/tensor_new.cpp:642.)
  out = torch.sparse.FloatTensor(idx.t(),vals).coalesce()
/home/victoriayang425/229_Project/taskers_utils.py:98: UserWarning: torch.sparse.SparseTensor(indices, values, *, device=) is deprecated.  Please use torch.sparse_coo_tensor(indices, values, dtype=, device=). (Triggered internally at /pytorch/torch/csrc/utils/tensor_new.cpp:642.)
  out = torch.sparse.FloatTensor(idx.t(),vals).coalesce()
/home/victoriayang425/229_Project/taskers_utils.py:98: UserWarning: torch.sparse.SparseTensor(indices, values, *, device=) is deprecated.  Please use torch.sparse_coo_tensor(indices, values, dtype=, device=). (Triggered internally at /pytorch/torch/csrc/utils/tensor_new.cpp:642.)
  out = torch.sparse.FloatTensor(idx.t(),vals).coalesce()
/home/victoriayang425/229_Project/taskers_utils.py:98: UserWarning: torch.sparse.SparseTensor(indices, values, *, device=) is deprecated.  Please use torch.sparse_coo_tensor(indices, values, dtype=, device=). (Triggered internally at /pytorch/torch/csrc/utils/tensor_new.cpp:642.)
  out = torch.sparse.FloatTensor(idx.t(),vals).coalesce()
/home/victoriayang425/229_Project/taskers_utils.py:98: UserWarning: torch.sparse.SparseTensor(indices, values, *, device=) is deprecated.  Please use torch.sparse_coo_tensor(indices, values, dtype=, device=). (Triggered internally at /pytorch/torch/csrc/utils/tensor_new.cpp:642.)
  out = torch.sparse.FloatTensor(idx.t(),vals).coalesce()
/home/victoriayang425/229_Project/taskers_utils.py:98: UserWarning: torch.sparse.SparseTensor(indices, values, *, device=) is deprecated.  Please use torch.sparse_coo_tensor(indices, values, dtype=, device=). (Triggered internally at /pytorch/torch/csrc/utils/tensor_new.cpp:642.)
  out = torch.sparse.FloatTensor(idx.t(),vals).coalesce()
/home/victoriayang425/229_Project/taskers_utils.py:98: UserWarning: torch.sparse.SparseTensor(indices, values, *, device=) is deprecated.  Please use torch.sparse_coo_tensor(indices, values, dtype=, device=). (Triggered internally at /pytorch/torch/csrc/utils/tensor_new.cpp:642.)
  out = torch.sparse.FloatTensor(idx.t(),vals).coalesce()
/home/victoriayang425/229_Project/taskers_utils.py:98: UserWarning: torch.sparse.SparseTensor(indices, values, *, device=) is deprecated.  Please use torch.sparse_coo_tensor(indices, values, dtype=, device=). (Triggered internally at /pytorch/torch/csrc/utils/tensor_new.cpp:642.)
  out = torch.sparse.FloatTensor(idx.t(),vals).coalesce()
/home/victoriayang425/229_Project/taskers_utils.py:98: UserWarning: torch.sparse.SparseTensor(indices, values, *, device=) is deprecated.  Please use torch.sparse_coo_tensor(indices, values, dtype=, device=). (Triggered internally at /pytorch/torch/csrc/utils/tensor_new.cpp:642.)
  out = torch.sparse.FloatTensor(idx.t(),vals).coalesce()
/home/victoriayang425/229_Project/taskers_utils.py:98: UserWarning: torch.sparse.SparseTensor(indices, values, *, device=) is deprecated.  Please use torch.sparse_coo_tensor(indices, values, dtype=, device=). (Triggered internally at /pytorch/torch/csrc/utils/tensor_new.cpp:642.)
  out = torch.sparse.FloatTensor(idx.t(),vals).coalesce()
/home/victoriayang425/229_Project/taskers_utils.py:98: UserWarning: torch.sparse.SparseTensor(indices, values, *, device=) is deprecated.  Please use torch.sparse_coo_tensor(indices, values, dtype=, device=). (Triggered internally at /pytorch/torch/csrc/utils/tensor_new.cpp:642.)
  out = torch.sparse.FloatTensor(idx.t(),vals).coalesce()
/home/victoriayang425/229_Project/taskers_utils.py:98: UserWarning: torch.sparse.SparseTensor(indices, values, *, device=) is deprecated.  Please use torch.sparse_coo_tensor(indices, values, dtype=, device=). (Triggered internally at /pytorch/torch/csrc/utils/tensor_new.cpp:642.)
  out = torch.sparse.FloatTensor(idx.t(),vals).coalesce()
/home/victoriayang425/229_Project/taskers_utils.py:98: UserWarning: torch.sparse.SparseTensor(indices, values, *, device=) is deprecated.  Please use torch.sparse_coo_tensor(indices, values, dtype=, device=). (Triggered internally at /pytorch/torch/csrc/utils/tensor_new.cpp:642.)
  out = torch.sparse.FloatTensor(idx.t(),vals).coalesce()
/home/victoriayang425/229_Project/taskers_utils.py:98: UserWarning: torch.sparse.SparseTensor(indices, values, *, device=) is deprecated.  Please use torch.sparse_coo_tensor(indices, values, dtype=, device=). (Triggered internally at /pytorch/torch/csrc/utils/tensor_new.cpp:642.)
  out = torch.sparse.FloatTensor(idx.t(),vals).coalesce()
/home/victoriayang425/229_Project/taskers_utils.py:98: UserWarning: torch.sparse.SparseTensor(indices, values, *, device=) is deprecated.  Please use torch.sparse_coo_tensor(indices, values, dtype=, device=). (Triggered internally at /pytorch/torch/csrc/utils/tensor_new.cpp:642.)
  out = torch.sparse.FloatTensor(idx.t(),vals).coalesce()
/home/victoriayang425/229_Project/taskers_utils.py:98: UserWarning: torch.sparse.SparseTensor(indices, values, *, device=) is deprecated.  Please use torch.sparse_coo_tensor(indices, values, dtype=, device=). (Triggered internally at /pytorch/torch/csrc/utils/tensor_new.cpp:642.)
  out = torch.sparse.FloatTensor(idx.t(),vals).coalesce()
/home/victoriayang425/229_Project/taskers_utils.py:98: UserWarning: torch.sparse.SparseTensor(indices, values, *, device=) is deprecated.  Please use torch.sparse_coo_tensor(indices, values, dtype=, device=). (Triggered internally at /pytorch/torch/csrc/utils/tensor_new.cpp:642.)
  out = torch.sparse.FloatTensor(idx.t(),vals).coalesce()
/home/victoriayang425/229_Project/taskers_utils.py:98: UserWarning: torch.sparse.SparseTensor(indices, values, *, device=) is deprecated.  Please use torch.sparse_coo_tensor(indices, values, dtype=, device=). (Triggered internally at /pytorch/torch/csrc/utils/tensor_new.cpp:642.)
  out = torch.sparse.FloatTensor(idx.t(),vals).coalesce()
/home/victoriayang425/229_Project/taskers_utils.py:98: UserWarning: torch.sparse.SparseTensor(indices, values, *, device=) is deprecated.  Please use torch.sparse_coo_tensor(indices, values, dtype=, device=). (Triggered internally at /pytorch/torch/csrc/utils/tensor_new.cpp:642.)
  out = torch.sparse.FloatTensor(idx.t(),vals).coalesce()
### w0) ep 48 - Best valid measure:0.7017301038062285
/home/victoriayang425/229_Project/taskers_utils.py:98: UserWarning: torch.sparse.SparseTensor(indices, values, *, device=) is deprecated.  Please use torch.sparse_coo_tensor(indices, values, dtype=, device=). (Triggered internally at /pytorch/torch/csrc/utils/tensor_new.cpp:642.)
  out = torch.sparse.FloatTensor(idx.t(),vals).coalesce()
/home/victoriayang425/229_Project/taskers_utils.py:98: UserWarning: torch.sparse.SparseTensor(indices, values, *, device=) is deprecated.  Please use torch.sparse_coo_tensor(indices, values, dtype=, device=). (Triggered internally at /pytorch/torch/csrc/utils/tensor_new.cpp:642.)
  out = torch.sparse.FloatTensor(idx.t(),vals).coalesce()
/home/victoriayang425/229_Project/taskers_utils.py:98: UserWarning: torch.sparse.SparseTensor(indices, values, *, device=) is deprecated.  Please use torch.sparse_coo_tensor(indices, values, dtype=, device=). (Triggered internally at /pytorch/torch/csrc/utils/tensor_new.cpp:642.)
  out = torch.sparse.FloatTensor(idx.t(),vals).coalesce()
/home/victoriayang425/229_Project/taskers_utils.py:98: UserWarning: torch.sparse.SparseTensor(indices, values, *, device=) is deprecated.  Please use torch.sparse_coo_tensor(indices, values, dtype=, device=). (Triggered internally at /pytorch/torch/csrc/utils/tensor_new.cpp:642.)
  out = torch.sparse.FloatTensor(idx.t(),vals).coalesce()
/home/victoriayang425/229_Project/taskers_utils.py:98: UserWarning: torch.sparse.SparseTensor(indices, values, *, device=) is deprecated.  Please use torch.sparse_coo_tensor(indices, values, dtype=, device=). (Triggered internally at /pytorch/torch/csrc/utils/tensor_new.cpp:642.)
  out = torch.sparse.FloatTensor(idx.t(),vals).coalesce()
/home/victoriayang425/229_Project/taskers_utils.py:98: UserWarning: torch.sparse.SparseTensor(indices, values, *, device=) is deprecated.  Please use torch.sparse_coo_tensor(indices, values, dtype=, device=). (Triggered internally at /pytorch/torch/csrc/utils/tensor_new.cpp:642.)
  out = torch.sparse.FloatTensor(idx.t(),vals).coalesce()
/home/victoriayang425/229_Project/taskers_utils.py:98: UserWarning: torch.sparse.SparseTensor(indices, values, *, device=) is deprecated.  Please use torch.sparse_coo_tensor(indices, values, dtype=, device=). (Triggered internally at /pytorch/torch/csrc/utils/tensor_new.cpp:642.)
  out = torch.sparse.FloatTensor(idx.t(),vals).coalesce()
/home/victoriayang425/229_Project/taskers_utils.py:98: UserWarning: torch.sparse.SparseTensor(indices, values, *, device=) is deprecated.  Please use torch.sparse_coo_tensor(indices, values, dtype=, device=). (Triggered internally at /pytorch/torch/csrc/utils/tensor_new.cpp:642.)
  out = torch.sparse.FloatTensor(idx.t(),vals).coalesce()
/home/victoriayang425/229_Project/taskers_utils.py:98: UserWarning: torch.sparse.SparseTensor(indices, values, *, device=) is deprecated.  Please use torch.sparse_coo_tensor(indices, values, dtype=, device=). (Triggered internally at /pytorch/torch/csrc/utils/tensor_new.cpp:642.)
  out = torch.sparse.FloatTensor(idx.t(),vals).coalesce()
/home/victoriayang425/229_Project/taskers_utils.py:98: UserWarning: torch.sparse.SparseTensor(indices, values, *, device=) is deprecated.  Please use torch.sparse_coo_tensor(indices, values, dtype=, device=). (Triggered internally at /pytorch/torch/csrc/utils/tensor_new.cpp:642.)
  out = torch.sparse.FloatTensor(idx.t(),vals).coalesce()
/home/victoriayang425/229_Project/taskers_utils.py:98: UserWarning: torch.sparse.SparseTensor(indices, values, *, device=) is deprecated.  Please use torch.sparse_coo_tensor(indices, values, dtype=, device=). (Triggered internally at /pytorch/torch/csrc/utils/tensor_new.cpp:642.)
  out = torch.sparse.FloatTensor(idx.t(),vals).coalesce()
/home/victoriayang425/229_Project/taskers_utils.py:98: UserWarning: torch.sparse.SparseTensor(indices, values, *, device=) is deprecated.  Please use torch.sparse_coo_tensor(indices, values, dtype=, device=). (Triggered internally at /pytorch/torch/csrc/utils/tensor_new.cpp:642.)
  out = torch.sparse.FloatTensor(idx.t(),vals).coalesce()
/home/victoriayang425/229_Project/taskers_utils.py:98: UserWarning: torch.sparse.SparseTensor(indices, values, *, device=) is deprecated.  Please use torch.sparse_coo_tensor(indices, values, dtype=, device=). (Triggered internally at /pytorch/torch/csrc/utils/tensor_new.cpp:642.)
  out = torch.sparse.FloatTensor(idx.t(),vals).coalesce()
/home/victoriayang425/229_Project/taskers_utils.py:98: UserWarning: torch.sparse.SparseTensor(indices, values, *, device=) is deprecated.  Please use torch.sparse_coo_tensor(indices, values, dtype=, device=). (Triggered internally at /pytorch/torch/csrc/utils/tensor_new.cpp:642.)
  out = torch.sparse.FloatTensor(idx.t(),vals).coalesce()
/home/victoriayang425/229_Project/taskers_utils.py:98: UserWarning: torch.sparse.SparseTensor(indices, values, *, device=) is deprecated.  Please use torch.sparse_coo_tensor(indices, values, dtype=, device=). (Triggered internally at /pytorch/torch/csrc/utils/tensor_new.cpp:642.)
  out = torch.sparse.FloatTensor(idx.t(),vals).coalesce()
/home/victoriayang425/229_Project/taskers_utils.py:98: UserWarning: torch.sparse.SparseTensor(indices, values, *, device=) is deprecated.  Please use torch.sparse_coo_tensor(indices, values, dtype=, device=). (Triggered internally at /pytorch/torch/csrc/utils/tensor_new.cpp:642.)
  out = torch.sparse.FloatTensor(idx.t(),vals).coalesce()
/home/victoriayang425/229_Project/taskers_utils.py:98: UserWarning: torch.sparse.SparseTensor(indices, values, *, device=) is deprecated.  Please use torch.sparse_coo_tensor(indices, values, dtype=, device=). (Triggered internally at /pytorch/torch/csrc/utils/tensor_new.cpp:642.)
  out = torch.sparse.FloatTensor(idx.t(),vals).coalesce()
### w0) ep 49 - Best valid measure:0.7095890410958905
/home/victoriayang425/229_Project/taskers_utils.py:98: UserWarning: torch.sparse.SparseTensor(indices, values, *, device=) is deprecated.  Please use torch.sparse_coo_tensor(indices, values, dtype=, device=). (Triggered internally at /pytorch/torch/csrc/utils/tensor_new.cpp:642.)
  out = torch.sparse.FloatTensor(idx.t(),vals).coalesce()
/home/victoriayang425/229_Project/taskers_utils.py:98: UserWarning: torch.sparse.SparseTensor(indices, values, *, device=) is deprecated.  Please use torch.sparse_coo_tensor(indices, values, dtype=, device=). (Triggered internally at /pytorch/torch/csrc/utils/tensor_new.cpp:642.)
  out = torch.sparse.FloatTensor(idx.t(),vals).coalesce()
/home/victoriayang425/229_Project/taskers_utils.py:98: UserWarning: torch.sparse.SparseTensor(indices, values, *, device=) is deprecated.  Please use torch.sparse_coo_tensor(indices, values, dtype=, device=). (Triggered internally at /pytorch/torch/csrc/utils/tensor_new.cpp:642.)
  out = torch.sparse.FloatTensor(idx.t(),vals).coalesce()
/home/victoriayang425/229_Project/taskers_utils.py:98: UserWarning: torch.sparse.SparseTensor(indices, values, *, device=) is deprecated.  Please use torch.sparse_coo_tensor(indices, values, dtype=, device=). (Triggered internally at /pytorch/torch/csrc/utils/tensor_new.cpp:642.)
  out = torch.sparse.FloatTensor(idx.t(),vals).coalesce()
/home/victoriayang425/229_Project/taskers_utils.py:98: UserWarning: torch.sparse.SparseTensor(indices, values, *, device=) is deprecated.  Please use torch.sparse_coo_tensor(indices, values, dtype=, device=). (Triggered internally at /pytorch/torch/csrc/utils/tensor_new.cpp:642.)
  out = torch.sparse.FloatTensor(idx.t(),vals).coalesce()
/home/victoriayang425/229_Project/taskers_utils.py:98: UserWarning: torch.sparse.SparseTensor(indices, values, *, device=) is deprecated.  Please use torch.sparse_coo_tensor(indices, values, dtype=, device=). (Triggered internally at /pytorch/torch/csrc/utils/tensor_new.cpp:642.)
  out = torch.sparse.FloatTensor(idx.t(),vals).coalesce()
/home/victoriayang425/229_Project/taskers_utils.py:98: UserWarning: torch.sparse.SparseTensor(indices, values, *, device=) is deprecated.  Please use torch.sparse_coo_tensor(indices, values, dtype=, device=). (Triggered internally at /pytorch/torch/csrc/utils/tensor_new.cpp:642.)
  out = torch.sparse.FloatTensor(idx.t(),vals).coalesce()
/home/victoriayang425/229_Project/taskers_utils.py:98: UserWarning: torch.sparse.SparseTensor(indices, values, *, device=) is deprecated.  Please use torch.sparse_coo_tensor(indices, values, dtype=, device=). (Triggered internally at /pytorch/torch/csrc/utils/tensor_new.cpp:642.)
  out = torch.sparse.FloatTensor(idx.t(),vals).coalesce()
/home/victoriayang425/229_Project/taskers_utils.py:98: UserWarning: torch.sparse.SparseTensor(indices, values, *, device=) is deprecated.  Please use torch.sparse_coo_tensor(indices, values, dtype=, device=). (Triggered internally at /pytorch/torch/csrc/utils/tensor_new.cpp:642.)
  out = torch.sparse.FloatTensor(idx.t(),vals).coalesce()
/home/victoriayang425/229_Project/taskers_utils.py:98: UserWarning: torch.sparse.SparseTensor(indices, values, *, device=) is deprecated.  Please use torch.sparse_coo_tensor(indices, values, dtype=, device=). (Triggered internally at /pytorch/torch/csrc/utils/tensor_new.cpp:642.)
  out = torch.sparse.FloatTensor(idx.t(),vals).coalesce()
/home/victoriayang425/229_Project/taskers_utils.py:98: UserWarning: torch.sparse.SparseTensor(indices, values, *, device=) is deprecated.  Please use torch.sparse_coo_tensor(indices, values, dtype=, device=). (Triggered internally at /pytorch/torch/csrc/utils/tensor_new.cpp:642.)
  out = torch.sparse.FloatTensor(idx.t(),vals).coalesce()
/home/victoriayang425/229_Project/taskers_utils.py:98: UserWarning: torch.sparse.SparseTensor(indices, values, *, device=) is deprecated.  Please use torch.sparse_coo_tensor(indices, values, dtype=, device=). (Triggered internally at /pytorch/torch/csrc/utils/tensor_new.cpp:642.)
  out = torch.sparse.FloatTensor(idx.t(),vals).coalesce()
/home/victoriayang425/229_Project/taskers_utils.py:98: UserWarning: torch.sparse.SparseTensor(indices, values, *, device=) is deprecated.  Please use torch.sparse_coo_tensor(indices, values, dtype=, device=). (Triggered internally at /pytorch/torch/csrc/utils/tensor_new.cpp:642.)
  out = torch.sparse.FloatTensor(idx.t(),vals).coalesce()
/home/victoriayang425/229_Project/taskers_utils.py:98: UserWarning: torch.sparse.SparseTensor(indices, values, *, device=) is deprecated.  Please use torch.sparse_coo_tensor(indices, values, dtype=, device=). (Triggered internally at /pytorch/torch/csrc/utils/tensor_new.cpp:642.)
  out = torch.sparse.FloatTensor(idx.t(),vals).coalesce()
/home/victoriayang425/229_Project/taskers_utils.py:98: UserWarning: torch.sparse.SparseTensor(indices, values, *, device=) is deprecated.  Please use torch.sparse_coo_tensor(indices, values, dtype=, device=). (Triggered internally at /pytorch/torch/csrc/utils/tensor_new.cpp:642.)
  out = torch.sparse.FloatTensor(idx.t(),vals).coalesce()
/home/victoriayang425/229_Project/taskers_utils.py:98: UserWarning: torch.sparse.SparseTensor(indices, values, *, device=) is deprecated.  Please use torch.sparse_coo_tensor(indices, values, dtype=, device=). (Triggered internally at /pytorch/torch/csrc/utils/tensor_new.cpp:642.)
  out = torch.sparse.FloatTensor(idx.t(),vals).coalesce()
/home/victoriayang425/229_Project/taskers_utils.py:98: UserWarning: torch.sparse.SparseTensor(indices, values, *, device=) is deprecated.  Please use torch.sparse_coo_tensor(indices, values, dtype=, device=). (Triggered internally at /pytorch/torch/csrc/utils/tensor_new.cpp:642.)
  out = torch.sparse.FloatTensor(idx.t(),vals).coalesce()
### w0) ep 50 - Best valid measure:0.7208333333333333
/home/victoriayang425/229_Project/taskers_utils.py:98: UserWarning: torch.sparse.SparseTensor(indices, values, *, device=) is deprecated.  Please use torch.sparse_coo_tensor(indices, values, dtype=, device=). (Triggered internally at /pytorch/torch/csrc/utils/tensor_new.cpp:642.)
  out = torch.sparse.FloatTensor(idx.t(),vals).coalesce()
/home/victoriayang425/229_Project/taskers_utils.py:98: UserWarning: torch.sparse.SparseTensor(indices, values, *, device=) is deprecated.  Please use torch.sparse_coo_tensor(indices, values, dtype=, device=). (Triggered internally at /pytorch/torch/csrc/utils/tensor_new.cpp:642.)
  out = torch.sparse.FloatTensor(idx.t(),vals).coalesce()
/home/victoriayang425/229_Project/taskers_utils.py:98: UserWarning: torch.sparse.SparseTensor(indices, values, *, device=) is deprecated.  Please use torch.sparse_coo_tensor(indices, values, dtype=, device=). (Triggered internally at /pytorch/torch/csrc/utils/tensor_new.cpp:642.)
  out = torch.sparse.FloatTensor(idx.t(),vals).coalesce()
/home/victoriayang425/229_Project/taskers_utils.py:98: UserWarning: torch.sparse.SparseTensor(indices, values, *, device=) is deprecated.  Please use torch.sparse_coo_tensor(indices, values, dtype=, device=). (Triggered internally at /pytorch/torch/csrc/utils/tensor_new.cpp:642.)
  out = torch.sparse.FloatTensor(idx.t(),vals).coalesce()
/home/victoriayang425/229_Project/taskers_utils.py:98: UserWarning: torch.sparse.SparseTensor(indices, values, *, device=) is deprecated.  Please use torch.sparse_coo_tensor(indices, values, dtype=, device=). (Triggered internally at /pytorch/torch/csrc/utils/tensor_new.cpp:642.)
  out = torch.sparse.FloatTensor(idx.t(),vals).coalesce()
/home/victoriayang425/229_Project/taskers_utils.py:98: UserWarning: torch.sparse.SparseTensor(indices, values, *, device=) is deprecated.  Please use torch.sparse_coo_tensor(indices, values, dtype=, device=). (Triggered internally at /pytorch/torch/csrc/utils/tensor_new.cpp:642.)
  out = torch.sparse.FloatTensor(idx.t(),vals).coalesce()
/home/victoriayang425/229_Project/taskers_utils.py:98: UserWarning: torch.sparse.SparseTensor(indices, values, *, device=) is deprecated.  Please use torch.sparse_coo_tensor(indices, values, dtype=, device=). (Triggered internally at /pytorch/torch/csrc/utils/tensor_new.cpp:642.)
  out = torch.sparse.FloatTensor(idx.t(),vals).coalesce()
/home/victoriayang425/229_Project/taskers_utils.py:98: UserWarning: torch.sparse.SparseTensor(indices, values, *, device=) is deprecated.  Please use torch.sparse_coo_tensor(indices, values, dtype=, device=). (Triggered internally at /pytorch/torch/csrc/utils/tensor_new.cpp:642.)
  out = torch.sparse.FloatTensor(idx.t(),vals).coalesce()
/home/victoriayang425/229_Project/taskers_utils.py:98: UserWarning: torch.sparse.SparseTensor(indices, values, *, device=) is deprecated.  Please use torch.sparse_coo_tensor(indices, values, dtype=, device=). (Triggered internally at /pytorch/torch/csrc/utils/tensor_new.cpp:642.)
  out = torch.sparse.FloatTensor(idx.t(),vals).coalesce()
/home/victoriayang425/229_Project/taskers_utils.py:98: UserWarning: torch.sparse.SparseTensor(indices, values, *, device=) is deprecated.  Please use torch.sparse_coo_tensor(indices, values, dtype=, device=). (Triggered internally at /pytorch/torch/csrc/utils/tensor_new.cpp:642.)
  out = torch.sparse.FloatTensor(idx.t(),vals).coalesce()
/home/victoriayang425/229_Project/taskers_utils.py:98: UserWarning: torch.sparse.SparseTensor(indices, values, *, device=) is deprecated.  Please use torch.sparse_coo_tensor(indices, values, dtype=, device=). (Triggered internally at /pytorch/torch/csrc/utils/tensor_new.cpp:642.)
  out = torch.sparse.FloatTensor(idx.t(),vals).coalesce()
/home/victoriayang425/229_Project/taskers_utils.py:98: UserWarning: torch.sparse.SparseTensor(indices, values, *, device=) is deprecated.  Please use torch.sparse_coo_tensor(indices, values, dtype=, device=). (Triggered internally at /pytorch/torch/csrc/utils/tensor_new.cpp:642.)
  out = torch.sparse.FloatTensor(idx.t(),vals).coalesce()
/home/victoriayang425/229_Project/taskers_utils.py:98: UserWarning: torch.sparse.SparseTensor(indices, values, *, device=) is deprecated.  Please use torch.sparse_coo_tensor(indices, values, dtype=, device=). (Triggered internally at /pytorch/torch/csrc/utils/tensor_new.cpp:642.)
  out = torch.sparse.FloatTensor(idx.t(),vals).coalesce()
/home/victoriayang425/229_Project/taskers_utils.py:98: UserWarning: torch.sparse.SparseTensor(indices, values, *, device=) is deprecated.  Please use torch.sparse_coo_tensor(indices, values, dtype=, device=). (Triggered internally at /pytorch/torch/csrc/utils/tensor_new.cpp:642.)
  out = torch.sparse.FloatTensor(idx.t(),vals).coalesce()
/home/victoriayang425/229_Project/taskers_utils.py:98: UserWarning: torch.sparse.SparseTensor(indices, values, *, device=) is deprecated.  Please use torch.sparse_coo_tensor(indices, values, dtype=, device=). (Triggered internally at /pytorch/torch/csrc/utils/tensor_new.cpp:642.)
  out = torch.sparse.FloatTensor(idx.t(),vals).coalesce()
/home/victoriayang425/229_Project/taskers_utils.py:98: UserWarning: torch.sparse.SparseTensor(indices, values, *, device=) is deprecated.  Please use torch.sparse_coo_tensor(indices, values, dtype=, device=). (Triggered internally at /pytorch/torch/csrc/utils/tensor_new.cpp:642.)
  out = torch.sparse.FloatTensor(idx.t(),vals).coalesce()
/home/victoriayang425/229_Project/taskers_utils.py:98: UserWarning: torch.sparse.SparseTensor(indices, values, *, device=) is deprecated.  Please use torch.sparse_coo_tensor(indices, values, dtype=, device=). (Triggered internally at /pytorch/torch/csrc/utils/tensor_new.cpp:642.)
  out = torch.sparse.FloatTensor(idx.t(),vals).coalesce()
/home/victoriayang425/229_Project/taskers_utils.py:98: UserWarning: torch.sparse.SparseTensor(indices, values, *, device=) is deprecated.  Please use torch.sparse_coo_tensor(indices, values, dtype=, device=). (Triggered internally at /pytorch/torch/csrc/utils/tensor_new.cpp:642.)
  out = torch.sparse.FloatTensor(idx.t(),vals).coalesce()
/home/victoriayang425/229_Project/taskers_utils.py:98: UserWarning: torch.sparse.SparseTensor(indices, values, *, device=) is deprecated.  Please use torch.sparse_coo_tensor(indices, values, dtype=, device=). (Triggered internally at /pytorch/torch/csrc/utils/tensor_new.cpp:642.)
  out = torch.sparse.FloatTensor(idx.t(),vals).coalesce()
/home/victoriayang425/229_Project/taskers_utils.py:98: UserWarning: torch.sparse.SparseTensor(indices, values, *, device=) is deprecated.  Please use torch.sparse_coo_tensor(indices, values, dtype=, device=). (Triggered internally at /pytorch/torch/csrc/utils/tensor_new.cpp:642.)
  out = torch.sparse.FloatTensor(idx.t(),vals).coalesce()
/home/victoriayang425/229_Project/taskers_utils.py:98: UserWarning: torch.sparse.SparseTensor(indices, values, *, device=) is deprecated.  Please use torch.sparse_coo_tensor(indices, values, dtype=, device=). (Triggered internally at /pytorch/torch/csrc/utils/tensor_new.cpp:642.)
  out = torch.sparse.FloatTensor(idx.t(),vals).coalesce()
/home/victoriayang425/229_Project/taskers_utils.py:98: UserWarning: torch.sparse.SparseTensor(indices, values, *, device=) is deprecated.  Please use torch.sparse_coo_tensor(indices, values, dtype=, device=). (Triggered internally at /pytorch/torch/csrc/utils/tensor_new.cpp:642.)
  out = torch.sparse.FloatTensor(idx.t(),vals).coalesce()
/home/victoriayang425/229_Project/taskers_utils.py:98: UserWarning: torch.sparse.SparseTensor(indices, values, *, device=) is deprecated.  Please use torch.sparse_coo_tensor(indices, values, dtype=, device=). (Triggered internally at /pytorch/torch/csrc/utils/tensor_new.cpp:642.)
  out = torch.sparse.FloatTensor(idx.t(),vals).coalesce()
/home/victoriayang425/229_Project/taskers_utils.py:98: UserWarning: torch.sparse.SparseTensor(indices, values, *, device=) is deprecated.  Please use torch.sparse_coo_tensor(indices, values, dtype=, device=). (Triggered internally at /pytorch/torch/csrc/utils/tensor_new.cpp:642.)
  out = torch.sparse.FloatTensor(idx.t(),vals).coalesce()
/home/victoriayang425/229_Project/taskers_utils.py:98: UserWarning: torch.sparse.SparseTensor(indices, values, *, device=) is deprecated.  Please use torch.sparse_coo_tensor(indices, values, dtype=, device=). (Triggered internally at /pytorch/torch/csrc/utils/tensor_new.cpp:642.)
  out = torch.sparse.FloatTensor(idx.t(),vals).coalesce()
/home/victoriayang425/229_Project/taskers_utils.py:98: UserWarning: torch.sparse.SparseTensor(indices, values, *, device=) is deprecated.  Please use torch.sparse_coo_tensor(indices, values, dtype=, device=). (Triggered internally at /pytorch/torch/csrc/utils/tensor_new.cpp:642.)
  out = torch.sparse.FloatTensor(idx.t(),vals).coalesce()
/home/victoriayang425/229_Project/taskers_utils.py:98: UserWarning: torch.sparse.SparseTensor(indices, values, *, device=) is deprecated.  Please use torch.sparse_coo_tensor(indices, values, dtype=, device=). (Triggered internally at /pytorch/torch/csrc/utils/tensor_new.cpp:642.)
  out = torch.sparse.FloatTensor(idx.t(),vals).coalesce()
/home/victoriayang425/229_Project/taskers_utils.py:98: UserWarning: torch.sparse.SparseTensor(indices, values, *, device=) is deprecated.  Please use torch.sparse_coo_tensor(indices, values, dtype=, device=). (Triggered internally at /pytorch/torch/csrc/utils/tensor_new.cpp:642.)
  out = torch.sparse.FloatTensor(idx.t(),vals).coalesce()
/home/victoriayang425/229_Project/taskers_utils.py:98: UserWarning: torch.sparse.SparseTensor(indices, values, *, device=) is deprecated.  Please use torch.sparse_coo_tensor(indices, values, dtype=, device=). (Triggered internally at /pytorch/torch/csrc/utils/tensor_new.cpp:642.)
  out = torch.sparse.FloatTensor(idx.t(),vals).coalesce()
/home/victoriayang425/229_Project/taskers_utils.py:98: UserWarning: torch.sparse.SparseTensor(indices, values, *, device=) is deprecated.  Please use torch.sparse_coo_tensor(indices, values, dtype=, device=). (Triggered internally at /pytorch/torch/csrc/utils/tensor_new.cpp:642.)
  out = torch.sparse.FloatTensor(idx.t(),vals).coalesce()
/home/victoriayang425/229_Project/taskers_utils.py:98: UserWarning: torch.sparse.SparseTensor(indices, values, *, device=) is deprecated.  Please use torch.sparse_coo_tensor(indices, values, dtype=, device=). (Triggered internally at /pytorch/torch/csrc/utils/tensor_new.cpp:642.)
  out = torch.sparse.FloatTensor(idx.t(),vals).coalesce()
/home/victoriayang425/229_Project/taskers_utils.py:98: UserWarning: torch.sparse.SparseTensor(indices, values, *, device=) is deprecated.  Please use torch.sparse_coo_tensor(indices, values, dtype=, device=). (Triggered internally at /pytorch/torch/csrc/utils/tensor_new.cpp:642.)
  out = torch.sparse.FloatTensor(idx.t(),vals).coalesce()
/home/victoriayang425/229_Project/taskers_utils.py:98: UserWarning: torch.sparse.SparseTensor(indices, values, *, device=) is deprecated.  Please use torch.sparse_coo_tensor(indices, values, dtype=, device=). (Triggered internally at /pytorch/torch/csrc/utils/tensor_new.cpp:642.)
  out = torch.sparse.FloatTensor(idx.t(),vals).coalesce()
/home/victoriayang425/229_Project/taskers_utils.py:98: UserWarning: torch.sparse.SparseTensor(indices, values, *, device=) is deprecated.  Please use torch.sparse_coo_tensor(indices, values, dtype=, device=). (Triggered internally at /pytorch/torch/csrc/utils/tensor_new.cpp:642.)
  out = torch.sparse.FloatTensor(idx.t(),vals).coalesce()
/home/victoriayang425/229_Project/taskers_utils.py:98: UserWarning: torch.sparse.SparseTensor(indices, values, *, device=) is deprecated.  Please use torch.sparse_coo_tensor(indices, values, dtype=, device=). (Triggered internally at /pytorch/torch/csrc/utils/tensor_new.cpp:642.)
  out = torch.sparse.FloatTensor(idx.t(),vals).coalesce()
/home/victoriayang425/229_Project/taskers_utils.py:98: UserWarning: torch.sparse.SparseTensor(indices, values, *, device=) is deprecated.  Please use torch.sparse_coo_tensor(indices, values, dtype=, device=). (Triggered internally at /pytorch/torch/csrc/utils/tensor_new.cpp:642.)
  out = torch.sparse.FloatTensor(idx.t(),vals).coalesce()
/home/victoriayang425/229_Project/taskers_utils.py:98: UserWarning: torch.sparse.SparseTensor(indices, values, *, device=) is deprecated.  Please use torch.sparse_coo_tensor(indices, values, dtype=, device=). (Triggered internally at /pytorch/torch/csrc/utils/tensor_new.cpp:642.)
  out = torch.sparse.FloatTensor(idx.t(),vals).coalesce()
/home/victoriayang425/229_Project/taskers_utils.py:98: UserWarning: torch.sparse.SparseTensor(indices, values, *, device=) is deprecated.  Please use torch.sparse_coo_tensor(indices, values, dtype=, device=). (Triggered internally at /pytorch/torch/csrc/utils/tensor_new.cpp:642.)
  out = torch.sparse.FloatTensor(idx.t(),vals).coalesce()
/home/victoriayang425/229_Project/taskers_utils.py:98: UserWarning: torch.sparse.SparseTensor(indices, values, *, device=) is deprecated.  Please use torch.sparse_coo_tensor(indices, values, dtype=, device=). (Triggered internally at /pytorch/torch/csrc/utils/tensor_new.cpp:642.)
  out = torch.sparse.FloatTensor(idx.t(),vals).coalesce()
/home/victoriayang425/229_Project/taskers_utils.py:98: UserWarning: torch.sparse.SparseTensor(indices, values, *, device=) is deprecated.  Please use torch.sparse_coo_tensor(indices, values, dtype=, device=). (Triggered internally at /pytorch/torch/csrc/utils/tensor_new.cpp:642.)
  out = torch.sparse.FloatTensor(idx.t(),vals).coalesce()
/home/victoriayang425/229_Project/taskers_utils.py:98: UserWarning: torch.sparse.SparseTensor(indices, values, *, device=) is deprecated.  Please use torch.sparse_coo_tensor(indices, values, dtype=, device=). (Triggered internally at /pytorch/torch/csrc/utils/tensor_new.cpp:642.)
  out = torch.sparse.FloatTensor(idx.t(),vals).coalesce()
/home/victoriayang425/229_Project/taskers_utils.py:98: UserWarning: torch.sparse.SparseTensor(indices, values, *, device=) is deprecated.  Please use torch.sparse_coo_tensor(indices, values, dtype=, device=). (Triggered internally at /pytorch/torch/csrc/utils/tensor_new.cpp:642.)
  out = torch.sparse.FloatTensor(idx.t(),vals).coalesce()
/home/victoriayang425/229_Project/taskers_utils.py:98: UserWarning: torch.sparse.SparseTensor(indices, values, *, device=) is deprecated.  Please use torch.sparse_coo_tensor(indices, values, dtype=, device=). (Triggered internally at /pytorch/torch/csrc/utils/tensor_new.cpp:642.)
  out = torch.sparse.FloatTensor(idx.t(),vals).coalesce()
/home/victoriayang425/229_Project/taskers_utils.py:98: UserWarning: torch.sparse.SparseTensor(indices, values, *, device=) is deprecated.  Please use torch.sparse_coo_tensor(indices, values, dtype=, device=). (Triggered internally at /pytorch/torch/csrc/utils/tensor_new.cpp:642.)
  out = torch.sparse.FloatTensor(idx.t(),vals).coalesce()
/home/victoriayang425/229_Project/taskers_utils.py:98: UserWarning: torch.sparse.SparseTensor(indices, values, *, device=) is deprecated.  Please use torch.sparse_coo_tensor(indices, values, dtype=, device=). (Triggered internally at /pytorch/torch/csrc/utils/tensor_new.cpp:642.)
  out = torch.sparse.FloatTensor(idx.t(),vals).coalesce()
/home/victoriayang425/229_Project/taskers_utils.py:98: UserWarning: torch.sparse.SparseTensor(indices, values, *, device=) is deprecated.  Please use torch.sparse_coo_tensor(indices, values, dtype=, device=). (Triggered internally at /pytorch/torch/csrc/utils/tensor_new.cpp:642.)
  out = torch.sparse.FloatTensor(idx.t(),vals).coalesce()
/home/victoriayang425/229_Project/taskers_utils.py:98: UserWarning: torch.sparse.SparseTensor(indices, values, *, device=) is deprecated.  Please use torch.sparse_coo_tensor(indices, values, dtype=, device=). (Triggered internally at /pytorch/torch/csrc/utils/tensor_new.cpp:642.)
  out = torch.sparse.FloatTensor(idx.t(),vals).coalesce()
/home/victoriayang425/229_Project/taskers_utils.py:98: UserWarning: torch.sparse.SparseTensor(indices, values, *, device=) is deprecated.  Please use torch.sparse_coo_tensor(indices, values, dtype=, device=). (Triggered internally at /pytorch/torch/csrc/utils/tensor_new.cpp:642.)
  out = torch.sparse.FloatTensor(idx.t(),vals).coalesce()
/home/victoriayang425/229_Project/taskers_utils.py:98: UserWarning: torch.sparse.SparseTensor(indices, values, *, device=) is deprecated.  Please use torch.sparse_coo_tensor(indices, values, dtype=, device=). (Triggered internally at /pytorch/torch/csrc/utils/tensor_new.cpp:642.)
  out = torch.sparse.FloatTensor(idx.t(),vals).coalesce()
/home/victoriayang425/229_Project/taskers_utils.py:98: UserWarning: torch.sparse.SparseTensor(indices, values, *, device=) is deprecated.  Please use torch.sparse_coo_tensor(indices, values, dtype=, device=). (Triggered internally at /pytorch/torch/csrc/utils/tensor_new.cpp:642.)
  out = torch.sparse.FloatTensor(idx.t(),vals).coalesce()
/home/victoriayang425/229_Project/taskers_utils.py:98: UserWarning: torch.sparse.SparseTensor(indices, values, *, device=) is deprecated.  Please use torch.sparse_coo_tensor(indices, values, dtype=, device=). (Triggered internally at /pytorch/torch/csrc/utils/tensor_new.cpp:642.)
  out = torch.sparse.FloatTensor(idx.t(),vals).coalesce()
/home/victoriayang425/229_Project/taskers_utils.py:98: UserWarning: torch.sparse.SparseTensor(indices, values, *, device=) is deprecated.  Please use torch.sparse_coo_tensor(indices, values, dtype=, device=). (Triggered internally at /pytorch/torch/csrc/utils/tensor_new.cpp:642.)
  out = torch.sparse.FloatTensor(idx.t(),vals).coalesce()
/home/victoriayang425/229_Project/taskers_utils.py:98: UserWarning: torch.sparse.SparseTensor(indices, values, *, device=) is deprecated.  Please use torch.sparse_coo_tensor(indices, values, dtype=, device=). (Triggered internally at /pytorch/torch/csrc/utils/tensor_new.cpp:642.)
  out = torch.sparse.FloatTensor(idx.t(),vals).coalesce()
/home/victoriayang425/229_Project/taskers_utils.py:98: UserWarning: torch.sparse.SparseTensor(indices, values, *, device=) is deprecated.  Please use torch.sparse_coo_tensor(indices, values, dtype=, device=). (Triggered internally at /pytorch/torch/csrc/utils/tensor_new.cpp:642.)
  out = torch.sparse.FloatTensor(idx.t(),vals).coalesce()
/home/victoriayang425/229_Project/taskers_utils.py:98: UserWarning: torch.sparse.SparseTensor(indices, values, *, device=) is deprecated.  Please use torch.sparse_coo_tensor(indices, values, dtype=, device=). (Triggered internally at /pytorch/torch/csrc/utils/tensor_new.cpp:642.)
  out = torch.sparse.FloatTensor(idx.t(),vals).coalesce()
/home/victoriayang425/229_Project/taskers_utils.py:98: UserWarning: torch.sparse.SparseTensor(indices, values, *, device=) is deprecated.  Please use torch.sparse_coo_tensor(indices, values, dtype=, device=). (Triggered internally at /pytorch/torch/csrc/utils/tensor_new.cpp:642.)
  out = torch.sparse.FloatTensor(idx.t(),vals).coalesce()
/home/victoriayang425/229_Project/taskers_utils.py:98: UserWarning: torch.sparse.SparseTensor(indices, values, *, device=) is deprecated.  Please use torch.sparse_coo_tensor(indices, values, dtype=, device=). (Triggered internally at /pytorch/torch/csrc/utils/tensor_new.cpp:642.)
  out = torch.sparse.FloatTensor(idx.t(),vals).coalesce()
/home/victoriayang425/229_Project/taskers_utils.py:98: UserWarning: torch.sparse.SparseTensor(indices, values, *, device=) is deprecated.  Please use torch.sparse_coo_tensor(indices, values, dtype=, device=). (Triggered internally at /pytorch/torch/csrc/utils/tensor_new.cpp:642.)
  out = torch.sparse.FloatTensor(idx.t(),vals).coalesce()
/home/victoriayang425/229_Project/taskers_utils.py:98: UserWarning: torch.sparse.SparseTensor(indices, values, *, device=) is deprecated.  Please use torch.sparse_coo_tensor(indices, values, dtype=, device=). (Triggered internally at /pytorch/torch/csrc/utils/tensor_new.cpp:642.)
  out = torch.sparse.FloatTensor(idx.t(),vals).coalesce()
/home/victoriayang425/229_Project/taskers_utils.py:98: UserWarning: torch.sparse.SparseTensor(indices, values, *, device=) is deprecated.  Please use torch.sparse_coo_tensor(indices, values, dtype=, device=). (Triggered internally at /pytorch/torch/csrc/utils/tensor_new.cpp:642.)
  out = torch.sparse.FloatTensor(idx.t(),vals).coalesce()
/home/victoriayang425/229_Project/taskers_utils.py:98: UserWarning: torch.sparse.SparseTensor(indices, values, *, device=) is deprecated.  Please use torch.sparse_coo_tensor(indices, values, dtype=, device=). (Triggered internally at /pytorch/torch/csrc/utils/tensor_new.cpp:642.)
  out = torch.sparse.FloatTensor(idx.t(),vals).coalesce()
/home/victoriayang425/229_Project/taskers_utils.py:98: UserWarning: torch.sparse.SparseTensor(indices, values, *, device=) is deprecated.  Please use torch.sparse_coo_tensor(indices, values, dtype=, device=). (Triggered internally at /pytorch/torch/csrc/utils/tensor_new.cpp:642.)
  out = torch.sparse.FloatTensor(idx.t(),vals).coalesce()
/home/victoriayang425/229_Project/taskers_utils.py:98: UserWarning: torch.sparse.SparseTensor(indices, values, *, device=) is deprecated.  Please use torch.sparse_coo_tensor(indices, values, dtype=, device=). (Triggered internally at /pytorch/torch/csrc/utils/tensor_new.cpp:642.)
  out = torch.sparse.FloatTensor(idx.t(),vals).coalesce()
/home/victoriayang425/229_Project/taskers_utils.py:98: UserWarning: torch.sparse.SparseTensor(indices, values, *, device=) is deprecated.  Please use torch.sparse_coo_tensor(indices, values, dtype=, device=). (Triggered internally at /pytorch/torch/csrc/utils/tensor_new.cpp:642.)
  out = torch.sparse.FloatTensor(idx.t(),vals).coalesce()
/home/victoriayang425/229_Project/taskers_utils.py:98: UserWarning: torch.sparse.SparseTensor(indices, values, *, device=) is deprecated.  Please use torch.sparse_coo_tensor(indices, values, dtype=, device=). (Triggered internally at /pytorch/torch/csrc/utils/tensor_new.cpp:642.)
  out = torch.sparse.FloatTensor(idx.t(),vals).coalesce()
/home/victoriayang425/229_Project/taskers_utils.py:98: UserWarning: torch.sparse.SparseTensor(indices, values, *, device=) is deprecated.  Please use torch.sparse_coo_tensor(indices, values, dtype=, device=). (Triggered internally at /pytorch/torch/csrc/utils/tensor_new.cpp:642.)
  out = torch.sparse.FloatTensor(idx.t(),vals).coalesce()
/home/victoriayang425/229_Project/taskers_utils.py:98: UserWarning: torch.sparse.SparseTensor(indices, values, *, device=) is deprecated.  Please use torch.sparse_coo_tensor(indices, values, dtype=, device=). (Triggered internally at /pytorch/torch/csrc/utils/tensor_new.cpp:642.)
  out = torch.sparse.FloatTensor(idx.t(),vals).coalesce()
/home/victoriayang425/229_Project/taskers_utils.py:98: UserWarning: torch.sparse.SparseTensor(indices, values, *, device=) is deprecated.  Please use torch.sparse_coo_tensor(indices, values, dtype=, device=). (Triggered internally at /pytorch/torch/csrc/utils/tensor_new.cpp:642.)
  out = torch.sparse.FloatTensor(idx.t(),vals).coalesce()
/home/victoriayang425/229_Project/taskers_utils.py:98: UserWarning: torch.sparse.SparseTensor(indices, values, *, device=) is deprecated.  Please use torch.sparse_coo_tensor(indices, values, dtype=, device=). (Triggered internally at /pytorch/torch/csrc/utils/tensor_new.cpp:642.)
  out = torch.sparse.FloatTensor(idx.t(),vals).coalesce()
/home/victoriayang425/229_Project/taskers_utils.py:98: UserWarning: torch.sparse.SparseTensor(indices, values, *, device=) is deprecated.  Please use torch.sparse_coo_tensor(indices, values, dtype=, device=). (Triggered internally at /pytorch/torch/csrc/utils/tensor_new.cpp:642.)
  out = torch.sparse.FloatTensor(idx.t(),vals).coalesce()
/home/victoriayang425/229_Project/taskers_utils.py:98: UserWarning: torch.sparse.SparseTensor(indices, values, *, device=) is deprecated.  Please use torch.sparse_coo_tensor(indices, values, dtype=, device=). (Triggered internally at /pytorch/torch/csrc/utils/tensor_new.cpp:642.)
  out = torch.sparse.FloatTensor(idx.t(),vals).coalesce()
/home/victoriayang425/229_Project/taskers_utils.py:98: UserWarning: torch.sparse.SparseTensor(indices, values, *, device=) is deprecated.  Please use torch.sparse_coo_tensor(indices, values, dtype=, device=). (Triggered internally at /pytorch/torch/csrc/utils/tensor_new.cpp:642.)
  out = torch.sparse.FloatTensor(idx.t(),vals).coalesce()
/home/victoriayang425/229_Project/taskers_utils.py:98: UserWarning: torch.sparse.SparseTensor(indices, values, *, device=) is deprecated.  Please use torch.sparse_coo_tensor(indices, values, dtype=, device=). (Triggered internally at /pytorch/torch/csrc/utils/tensor_new.cpp:642.)
  out = torch.sparse.FloatTensor(idx.t(),vals).coalesce()
/home/victoriayang425/229_Project/taskers_utils.py:98: UserWarning: torch.sparse.SparseTensor(indices, values, *, device=) is deprecated.  Please use torch.sparse_coo_tensor(indices, values, dtype=, device=). (Triggered internally at /pytorch/torch/csrc/utils/tensor_new.cpp:642.)
  out = torch.sparse.FloatTensor(idx.t(),vals).coalesce()
/home/victoriayang425/229_Project/taskers_utils.py:98: UserWarning: torch.sparse.SparseTensor(indices, values, *, device=) is deprecated.  Please use torch.sparse_coo_tensor(indices, values, dtype=, device=). (Triggered internally at /pytorch/torch/csrc/utils/tensor_new.cpp:642.)
  out = torch.sparse.FloatTensor(idx.t(),vals).coalesce()
/home/victoriayang425/229_Project/taskers_utils.py:98: UserWarning: torch.sparse.SparseTensor(indices, values, *, device=) is deprecated.  Please use torch.sparse_coo_tensor(indices, values, dtype=, device=). (Triggered internally at /pytorch/torch/csrc/utils/tensor_new.cpp:642.)
  out = torch.sparse.FloatTensor(idx.t(),vals).coalesce()
/home/victoriayang425/229_Project/taskers_utils.py:98: UserWarning: torch.sparse.SparseTensor(indices, values, *, device=) is deprecated.  Please use torch.sparse_coo_tensor(indices, values, dtype=, device=). (Triggered internally at /pytorch/torch/csrc/utils/tensor_new.cpp:642.)
  out = torch.sparse.FloatTensor(idx.t(),vals).coalesce()
/home/victoriayang425/229_Project/taskers_utils.py:98: UserWarning: torch.sparse.SparseTensor(indices, values, *, device=) is deprecated.  Please use torch.sparse_coo_tensor(indices, values, dtype=, device=). (Triggered internally at /pytorch/torch/csrc/utils/tensor_new.cpp:642.)
  out = torch.sparse.FloatTensor(idx.t(),vals).coalesce()
/home/victoriayang425/229_Project/taskers_utils.py:98: UserWarning: torch.sparse.SparseTensor(indices, values, *, device=) is deprecated.  Please use torch.sparse_coo_tensor(indices, values, dtype=, device=). (Triggered internally at /pytorch/torch/csrc/utils/tensor_new.cpp:642.)
  out = torch.sparse.FloatTensor(idx.t(),vals).coalesce()
/home/victoriayang425/229_Project/taskers_utils.py:98: UserWarning: torch.sparse.SparseTensor(indices, values, *, device=) is deprecated.  Please use torch.sparse_coo_tensor(indices, values, dtype=, device=). (Triggered internally at /pytorch/torch/csrc/utils/tensor_new.cpp:642.)
  out = torch.sparse.FloatTensor(idx.t(),vals).coalesce()
/home/victoriayang425/229_Project/taskers_utils.py:98: UserWarning: torch.sparse.SparseTensor(indices, values, *, device=) is deprecated.  Please use torch.sparse_coo_tensor(indices, values, dtype=, device=). (Triggered internally at /pytorch/torch/csrc/utils/tensor_new.cpp:642.)
  out = torch.sparse.FloatTensor(idx.t(),vals).coalesce()
/home/victoriayang425/229_Project/taskers_utils.py:98: UserWarning: torch.sparse.SparseTensor(indices, values, *, device=) is deprecated.  Please use torch.sparse_coo_tensor(indices, values, dtype=, device=). (Triggered internally at /pytorch/torch/csrc/utils/tensor_new.cpp:642.)
  out = torch.sparse.FloatTensor(idx.t(),vals).coalesce()
/home/victoriayang425/229_Project/taskers_utils.py:98: UserWarning: torch.sparse.SparseTensor(indices, values, *, device=) is deprecated.  Please use torch.sparse_coo_tensor(indices, values, dtype=, device=). (Triggered internally at /pytorch/torch/csrc/utils/tensor_new.cpp:642.)
  out = torch.sparse.FloatTensor(idx.t(),vals).coalesce()
/home/victoriayang425/229_Project/taskers_utils.py:98: UserWarning: torch.sparse.SparseTensor(indices, values, *, device=) is deprecated.  Please use torch.sparse_coo_tensor(indices, values, dtype=, device=). (Triggered internally at /pytorch/torch/csrc/utils/tensor_new.cpp:642.)
  out = torch.sparse.FloatTensor(idx.t(),vals).coalesce()
/home/victoriayang425/229_Project/taskers_utils.py:98: UserWarning: torch.sparse.SparseTensor(indices, values, *, device=) is deprecated.  Please use torch.sparse_coo_tensor(indices, values, dtype=, device=). (Triggered internally at /pytorch/torch/csrc/utils/tensor_new.cpp:642.)
  out = torch.sparse.FloatTensor(idx.t(),vals).coalesce()
/home/victoriayang425/229_Project/taskers_utils.py:98: UserWarning: torch.sparse.SparseTensor(indices, values, *, device=) is deprecated.  Please use torch.sparse_coo_tensor(indices, values, dtype=, device=). (Triggered internally at /pytorch/torch/csrc/utils/tensor_new.cpp:642.)
  out = torch.sparse.FloatTensor(idx.t(),vals).coalesce()
/home/victoriayang425/229_Project/taskers_utils.py:98: UserWarning: torch.sparse.SparseTensor(indices, values, *, device=) is deprecated.  Please use torch.sparse_coo_tensor(indices, values, dtype=, device=). (Triggered internally at /pytorch/torch/csrc/utils/tensor_new.cpp:642.)
  out = torch.sparse.FloatTensor(idx.t(),vals).coalesce()
/home/victoriayang425/229_Project/taskers_utils.py:98: UserWarning: torch.sparse.SparseTensor(indices, values, *, device=) is deprecated.  Please use torch.sparse_coo_tensor(indices, values, dtype=, device=). (Triggered internally at /pytorch/torch/csrc/utils/tensor_new.cpp:642.)
  out = torch.sparse.FloatTensor(idx.t(),vals).coalesce()
/home/victoriayang425/229_Project/taskers_utils.py:98: UserWarning: torch.sparse.SparseTensor(indices, values, *, device=) is deprecated.  Please use torch.sparse_coo_tensor(indices, values, dtype=, device=). (Triggered internally at /pytorch/torch/csrc/utils/tensor_new.cpp:642.)
  out = torch.sparse.FloatTensor(idx.t(),vals).coalesce()
/home/victoriayang425/229_Project/taskers_utils.py:98: UserWarning: torch.sparse.SparseTensor(indices, values, *, device=) is deprecated.  Please use torch.sparse_coo_tensor(indices, values, dtype=, device=). (Triggered internally at /pytorch/torch/csrc/utils/tensor_new.cpp:642.)
  out = torch.sparse.FloatTensor(idx.t(),vals).coalesce()
/home/victoriayang425/229_Project/taskers_utils.py:98: UserWarning: torch.sparse.SparseTensor(indices, values, *, device=) is deprecated.  Please use torch.sparse_coo_tensor(indices, values, dtype=, device=). (Triggered internally at /pytorch/torch/csrc/utils/tensor_new.cpp:642.)
  out = torch.sparse.FloatTensor(idx.t(),vals).coalesce()
/home/victoriayang425/229_Project/taskers_utils.py:98: UserWarning: torch.sparse.SparseTensor(indices, values, *, device=) is deprecated.  Please use torch.sparse_coo_tensor(indices, values, dtype=, device=). (Triggered internally at /pytorch/torch/csrc/utils/tensor_new.cpp:642.)
  out = torch.sparse.FloatTensor(idx.t(),vals).coalesce()
/home/victoriayang425/229_Project/taskers_utils.py:98: UserWarning: torch.sparse.SparseTensor(indices, values, *, device=) is deprecated.  Please use torch.sparse_coo_tensor(indices, values, dtype=, device=). (Triggered internally at /pytorch/torch/csrc/utils/tensor_new.cpp:642.)
  out = torch.sparse.FloatTensor(idx.t(),vals).coalesce()
/home/victoriayang425/229_Project/taskers_utils.py:98: UserWarning: torch.sparse.SparseTensor(indices, values, *, device=) is deprecated.  Please use torch.sparse_coo_tensor(indices, values, dtype=, device=). (Triggered internally at /pytorch/torch/csrc/utils/tensor_new.cpp:642.)
  out = torch.sparse.FloatTensor(idx.t(),vals).coalesce()
/home/victoriayang425/229_Project/taskers_utils.py:98: UserWarning: torch.sparse.SparseTensor(indices, values, *, device=) is deprecated.  Please use torch.sparse_coo_tensor(indices, values, dtype=, device=). (Triggered internally at /pytorch/torch/csrc/utils/tensor_new.cpp:642.)
  out = torch.sparse.FloatTensor(idx.t(),vals).coalesce()
/home/victoriayang425/229_Project/taskers_utils.py:98: UserWarning: torch.sparse.SparseTensor(indices, values, *, device=) is deprecated.  Please use torch.sparse_coo_tensor(indices, values, dtype=, device=). (Triggered internally at /pytorch/torch/csrc/utils/tensor_new.cpp:642.)
  out = torch.sparse.FloatTensor(idx.t(),vals).coalesce()
/home/victoriayang425/229_Project/taskers_utils.py:98: UserWarning: torch.sparse.SparseTensor(indices, values, *, device=) is deprecated.  Please use torch.sparse_coo_tensor(indices, values, dtype=, device=). (Triggered internally at /pytorch/torch/csrc/utils/tensor_new.cpp:642.)
  out = torch.sparse.FloatTensor(idx.t(),vals).coalesce()
/home/victoriayang425/229_Project/taskers_utils.py:98: UserWarning: torch.sparse.SparseTensor(indices, values, *, device=) is deprecated.  Please use torch.sparse_coo_tensor(indices, values, dtype=, device=). (Triggered internally at /pytorch/torch/csrc/utils/tensor_new.cpp:642.)
  out = torch.sparse.FloatTensor(idx.t(),vals).coalesce()
/home/victoriayang425/229_Project/taskers_utils.py:98: UserWarning: torch.sparse.SparseTensor(indices, values, *, device=) is deprecated.  Please use torch.sparse_coo_tensor(indices, values, dtype=, device=). (Triggered internally at /pytorch/torch/csrc/utils/tensor_new.cpp:642.)
  out = torch.sparse.FloatTensor(idx.t(),vals).coalesce()
/home/victoriayang425/229_Project/taskers_utils.py:98: UserWarning: torch.sparse.SparseTensor(indices, values, *, device=) is deprecated.  Please use torch.sparse_coo_tensor(indices, values, dtype=, device=). (Triggered internally at /pytorch/torch/csrc/utils/tensor_new.cpp:642.)
  out = torch.sparse.FloatTensor(idx.t(),vals).coalesce()
/home/victoriayang425/229_Project/taskers_utils.py:98: UserWarning: torch.sparse.SparseTensor(indices, values, *, device=) is deprecated.  Please use torch.sparse_coo_tensor(indices, values, dtype=, device=). (Triggered internally at /pytorch/torch/csrc/utils/tensor_new.cpp:642.)
  out = torch.sparse.FloatTensor(idx.t(),vals).coalesce()
/home/victoriayang425/229_Project/taskers_utils.py:98: UserWarning: torch.sparse.SparseTensor(indices, values, *, device=) is deprecated.  Please use torch.sparse_coo_tensor(indices, values, dtype=, device=). (Triggered internally at /pytorch/torch/csrc/utils/tensor_new.cpp:642.)
  out = torch.sparse.FloatTensor(idx.t(),vals).coalesce()
/home/victoriayang425/229_Project/taskers_utils.py:98: UserWarning: torch.sparse.SparseTensor(indices, values, *, device=) is deprecated.  Please use torch.sparse_coo_tensor(indices, values, dtype=, device=). (Triggered internally at /pytorch/torch/csrc/utils/tensor_new.cpp:642.)
  out = torch.sparse.FloatTensor(idx.t(),vals).coalesce()
/home/victoriayang425/229_Project/taskers_utils.py:98: UserWarning: torch.sparse.SparseTensor(indices, values, *, device=) is deprecated.  Please use torch.sparse_coo_tensor(indices, values, dtype=, device=). (Triggered internally at /pytorch/torch/csrc/utils/tensor_new.cpp:642.)
  out = torch.sparse.FloatTensor(idx.t(),vals).coalesce()
/home/victoriayang425/229_Project/taskers_utils.py:98: UserWarning: torch.sparse.SparseTensor(indices, values, *, device=) is deprecated.  Please use torch.sparse_coo_tensor(indices, values, dtype=, device=). (Triggered internally at /pytorch/torch/csrc/utils/tensor_new.cpp:642.)
  out = torch.sparse.FloatTensor(idx.t(),vals).coalesce()
/home/victoriayang425/229_Project/taskers_utils.py:98: UserWarning: torch.sparse.SparseTensor(indices, values, *, device=) is deprecated.  Please use torch.sparse_coo_tensor(indices, values, dtype=, device=). (Triggered internally at /pytorch/torch/csrc/utils/tensor_new.cpp:642.)
  out = torch.sparse.FloatTensor(idx.t(),vals).coalesce()
/home/victoriayang425/229_Project/taskers_utils.py:98: UserWarning: torch.sparse.SparseTensor(indices, values, *, device=) is deprecated.  Please use torch.sparse_coo_tensor(indices, values, dtype=, device=). (Triggered internally at /pytorch/torch/csrc/utils/tensor_new.cpp:642.)
  out = torch.sparse.FloatTensor(idx.t(),vals).coalesce()
/home/victoriayang425/229_Project/taskers_utils.py:98: UserWarning: torch.sparse.SparseTensor(indices, values, *, device=) is deprecated.  Please use torch.sparse_coo_tensor(indices, values, dtype=, device=). (Triggered internally at /pytorch/torch/csrc/utils/tensor_new.cpp:642.)
  out = torch.sparse.FloatTensor(idx.t(),vals).coalesce()
/home/victoriayang425/229_Project/taskers_utils.py:98: UserWarning: torch.sparse.SparseTensor(indices, values, *, device=) is deprecated.  Please use torch.sparse_coo_tensor(indices, values, dtype=, device=). (Triggered internally at /pytorch/torch/csrc/utils/tensor_new.cpp:642.)
  out = torch.sparse.FloatTensor(idx.t(),vals).coalesce()
/home/victoriayang425/229_Project/taskers_utils.py:98: UserWarning: torch.sparse.SparseTensor(indices, values, *, device=) is deprecated.  Please use torch.sparse_coo_tensor(indices, values, dtype=, device=). (Triggered internally at /pytorch/torch/csrc/utils/tensor_new.cpp:642.)
  out = torch.sparse.FloatTensor(idx.t(),vals).coalesce()
/home/victoriayang425/229_Project/taskers_utils.py:98: UserWarning: torch.sparse.SparseTensor(indices, values, *, device=) is deprecated.  Please use torch.sparse_coo_tensor(indices, values, dtype=, device=). (Triggered internally at /pytorch/torch/csrc/utils/tensor_new.cpp:642.)
  out = torch.sparse.FloatTensor(idx.t(),vals).coalesce()
/home/victoriayang425/229_Project/taskers_utils.py:98: UserWarning: torch.sparse.SparseTensor(indices, values, *, device=) is deprecated.  Please use torch.sparse_coo_tensor(indices, values, dtype=, device=). (Triggered internally at /pytorch/torch/csrc/utils/tensor_new.cpp:642.)
  out = torch.sparse.FloatTensor(idx.t(),vals).coalesce()
/home/victoriayang425/229_Project/taskers_utils.py:98: UserWarning: torch.sparse.SparseTensor(indices, values, *, device=) is deprecated.  Please use torch.sparse_coo_tensor(indices, values, dtype=, device=). (Triggered internally at /pytorch/torch/csrc/utils/tensor_new.cpp:642.)
  out = torch.sparse.FloatTensor(idx.t(),vals).coalesce()
/home/victoriayang425/229_Project/taskers_utils.py:98: UserWarning: torch.sparse.SparseTensor(indices, values, *, device=) is deprecated.  Please use torch.sparse_coo_tensor(indices, values, dtype=, device=). (Triggered internally at /pytorch/torch/csrc/utils/tensor_new.cpp:642.)
  out = torch.sparse.FloatTensor(idx.t(),vals).coalesce()
/home/victoriayang425/229_Project/taskers_utils.py:98: UserWarning: torch.sparse.SparseTensor(indices, values, *, device=) is deprecated.  Please use torch.sparse_coo_tensor(indices, values, dtype=, device=). (Triggered internally at /pytorch/torch/csrc/utils/tensor_new.cpp:642.)
  out = torch.sparse.FloatTensor(idx.t(),vals).coalesce()
/home/victoriayang425/229_Project/taskers_utils.py:98: UserWarning: torch.sparse.SparseTensor(indices, values, *, device=) is deprecated.  Please use torch.sparse_coo_tensor(indices, values, dtype=, device=). (Triggered internally at /pytorch/torch/csrc/utils/tensor_new.cpp:642.)
  out = torch.sparse.FloatTensor(idx.t(),vals).coalesce()
/home/victoriayang425/229_Project/taskers_utils.py:98: UserWarning: torch.sparse.SparseTensor(indices, values, *, device=) is deprecated.  Please use torch.sparse_coo_tensor(indices, values, dtype=, device=). (Triggered internally at /pytorch/torch/csrc/utils/tensor_new.cpp:642.)
  out = torch.sparse.FloatTensor(idx.t(),vals).coalesce()
/home/victoriayang425/229_Project/taskers_utils.py:98: UserWarning: torch.sparse.SparseTensor(indices, values, *, device=) is deprecated.  Please use torch.sparse_coo_tensor(indices, values, dtype=, device=). (Triggered internally at /pytorch/torch/csrc/utils/tensor_new.cpp:642.)
  out = torch.sparse.FloatTensor(idx.t(),vals).coalesce()
/home/victoriayang425/229_Project/taskers_utils.py:98: UserWarning: torch.sparse.SparseTensor(indices, values, *, device=) is deprecated.  Please use torch.sparse_coo_tensor(indices, values, dtype=, device=). (Triggered internally at /pytorch/torch/csrc/utils/tensor_new.cpp:642.)
  out = torch.sparse.FloatTensor(idx.t(),vals).coalesce()
/home/victoriayang425/229_Project/taskers_utils.py:98: UserWarning: torch.sparse.SparseTensor(indices, values, *, device=) is deprecated.  Please use torch.sparse_coo_tensor(indices, values, dtype=, device=). (Triggered internally at /pytorch/torch/csrc/utils/tensor_new.cpp:642.)
  out = torch.sparse.FloatTensor(idx.t(),vals).coalesce()
/home/victoriayang425/229_Project/taskers_utils.py:98: UserWarning: torch.sparse.SparseTensor(indices, values, *, device=) is deprecated.  Please use torch.sparse_coo_tensor(indices, values, dtype=, device=). (Triggered internally at /pytorch/torch/csrc/utils/tensor_new.cpp:642.)
  out = torch.sparse.FloatTensor(idx.t(),vals).coalesce()
/home/victoriayang425/229_Project/taskers_utils.py:98: UserWarning: torch.sparse.SparseTensor(indices, values, *, device=) is deprecated.  Please use torch.sparse_coo_tensor(indices, values, dtype=, device=). (Triggered internally at /pytorch/torch/csrc/utils/tensor_new.cpp:642.)
  out = torch.sparse.FloatTensor(idx.t(),vals).coalesce()
/home/victoriayang425/229_Project/taskers_utils.py:98: UserWarning: torch.sparse.SparseTensor(indices, values, *, device=) is deprecated.  Please use torch.sparse_coo_tensor(indices, values, dtype=, device=). (Triggered internally at /pytorch/torch/csrc/utils/tensor_new.cpp:642.)
  out = torch.sparse.FloatTensor(idx.t(),vals).coalesce()
/home/victoriayang425/229_Project/taskers_utils.py:98: UserWarning: torch.sparse.SparseTensor(indices, values, *, device=) is deprecated.  Please use torch.sparse_coo_tensor(indices, values, dtype=, device=). (Triggered internally at /pytorch/torch/csrc/utils/tensor_new.cpp:642.)
  out = torch.sparse.FloatTensor(idx.t(),vals).coalesce()
/home/victoriayang425/229_Project/taskers_utils.py:98: UserWarning: torch.sparse.SparseTensor(indices, values, *, device=) is deprecated.  Please use torch.sparse_coo_tensor(indices, values, dtype=, device=). (Triggered internally at /pytorch/torch/csrc/utils/tensor_new.cpp:642.)
  out = torch.sparse.FloatTensor(idx.t(),vals).coalesce()
/home/victoriayang425/229_Project/taskers_utils.py:98: UserWarning: torch.sparse.SparseTensor(indices, values, *, device=) is deprecated.  Please use torch.sparse_coo_tensor(indices, values, dtype=, device=). (Triggered internally at /pytorch/torch/csrc/utils/tensor_new.cpp:642.)
  out = torch.sparse.FloatTensor(idx.t(),vals).coalesce()
/home/victoriayang425/229_Project/taskers_utils.py:98: UserWarning: torch.sparse.SparseTensor(indices, values, *, device=) is deprecated.  Please use torch.sparse_coo_tensor(indices, values, dtype=, device=). (Triggered internally at /pytorch/torch/csrc/utils/tensor_new.cpp:642.)
  out = torch.sparse.FloatTensor(idx.t(),vals).coalesce()
/home/victoriayang425/229_Project/taskers_utils.py:98: UserWarning: torch.sparse.SparseTensor(indices, values, *, device=) is deprecated.  Please use torch.sparse_coo_tensor(indices, values, dtype=, device=). (Triggered internally at /pytorch/torch/csrc/utils/tensor_new.cpp:642.)
  out = torch.sparse.FloatTensor(idx.t(),vals).coalesce()
/home/victoriayang425/229_Project/taskers_utils.py:98: UserWarning: torch.sparse.SparseTensor(indices, values, *, device=) is deprecated.  Please use torch.sparse_coo_tensor(indices, values, dtype=, device=). (Triggered internally at /pytorch/torch/csrc/utils/tensor_new.cpp:642.)
  out = torch.sparse.FloatTensor(idx.t(),vals).coalesce()
/home/victoriayang425/229_Project/taskers_utils.py:98: UserWarning: torch.sparse.SparseTensor(indices, values, *, device=) is deprecated.  Please use torch.sparse_coo_tensor(indices, values, dtype=, device=). (Triggered internally at /pytorch/torch/csrc/utils/tensor_new.cpp:642.)
  out = torch.sparse.FloatTensor(idx.t(),vals).coalesce()
/home/victoriayang425/229_Project/taskers_utils.py:98: UserWarning: torch.sparse.SparseTensor(indices, values, *, device=) is deprecated.  Please use torch.sparse_coo_tensor(indices, values, dtype=, device=). (Triggered internally at /pytorch/torch/csrc/utils/tensor_new.cpp:642.)
  out = torch.sparse.FloatTensor(idx.t(),vals).coalesce()
/home/victoriayang425/229_Project/taskers_utils.py:98: UserWarning: torch.sparse.SparseTensor(indices, values, *, device=) is deprecated.  Please use torch.sparse_coo_tensor(indices, values, dtype=, device=). (Triggered internally at /pytorch/torch/csrc/utils/tensor_new.cpp:642.)
  out = torch.sparse.FloatTensor(idx.t(),vals).coalesce()
/home/victoriayang425/229_Project/taskers_utils.py:98: UserWarning: torch.sparse.SparseTensor(indices, values, *, device=) is deprecated.  Please use torch.sparse_coo_tensor(indices, values, dtype=, device=). (Triggered internally at /pytorch/torch/csrc/utils/tensor_new.cpp:642.)
  out = torch.sparse.FloatTensor(idx.t(),vals).coalesce()
/home/victoriayang425/229_Project/taskers_utils.py:98: UserWarning: torch.sparse.SparseTensor(indices, values, *, device=) is deprecated.  Please use torch.sparse_coo_tensor(indices, values, dtype=, device=). (Triggered internally at /pytorch/torch/csrc/utils/tensor_new.cpp:642.)
  out = torch.sparse.FloatTensor(idx.t(),vals).coalesce()
/home/victoriayang425/229_Project/taskers_utils.py:98: UserWarning: torch.sparse.SparseTensor(indices, values, *, device=) is deprecated.  Please use torch.sparse_coo_tensor(indices, values, dtype=, device=). (Triggered internally at /pytorch/torch/csrc/utils/tensor_new.cpp:642.)
  out = torch.sparse.FloatTensor(idx.t(),vals).coalesce()
/home/victoriayang425/229_Project/taskers_utils.py:98: UserWarning: torch.sparse.SparseTensor(indices, values, *, device=) is deprecated.  Please use torch.sparse_coo_tensor(indices, values, dtype=, device=). (Triggered internally at /pytorch/torch/csrc/utils/tensor_new.cpp:642.)
  out = torch.sparse.FloatTensor(idx.t(),vals).coalesce()
/home/victoriayang425/229_Project/taskers_utils.py:98: UserWarning: torch.sparse.SparseTensor(indices, values, *, device=) is deprecated.  Please use torch.sparse_coo_tensor(indices, values, dtype=, device=). (Triggered internally at /pytorch/torch/csrc/utils/tensor_new.cpp:642.)
  out = torch.sparse.FloatTensor(idx.t(),vals).coalesce()
/home/victoriayang425/229_Project/taskers_utils.py:98: UserWarning: torch.sparse.SparseTensor(indices, values, *, device=) is deprecated.  Please use torch.sparse_coo_tensor(indices, values, dtype=, device=). (Triggered internally at /pytorch/torch/csrc/utils/tensor_new.cpp:642.)
  out = torch.sparse.FloatTensor(idx.t(),vals).coalesce()
/home/victoriayang425/229_Project/taskers_utils.py:98: UserWarning: torch.sparse.SparseTensor(indices, values, *, device=) is deprecated.  Please use torch.sparse_coo_tensor(indices, values, dtype=, device=). (Triggered internally at /pytorch/torch/csrc/utils/tensor_new.cpp:642.)
  out = torch.sparse.FloatTensor(idx.t(),vals).coalesce()
/home/victoriayang425/229_Project/taskers_utils.py:98: UserWarning: torch.sparse.SparseTensor(indices, values, *, device=) is deprecated.  Please use torch.sparse_coo_tensor(indices, values, dtype=, device=). (Triggered internally at /pytorch/torch/csrc/utils/tensor_new.cpp:642.)
  out = torch.sparse.FloatTensor(idx.t(),vals).coalesce()
/home/victoriayang425/229_Project/taskers_utils.py:98: UserWarning: torch.sparse.SparseTensor(indices, values, *, device=) is deprecated.  Please use torch.sparse_coo_tensor(indices, values, dtype=, device=). (Triggered internally at /pytorch/torch/csrc/utils/tensor_new.cpp:642.)
  out = torch.sparse.FloatTensor(idx.t(),vals).coalesce()
/home/victoriayang425/229_Project/taskers_utils.py:98: UserWarning: torch.sparse.SparseTensor(indices, values, *, device=) is deprecated.  Please use torch.sparse_coo_tensor(indices, values, dtype=, device=). (Triggered internally at /pytorch/torch/csrc/utils/tensor_new.cpp:642.)
  out = torch.sparse.FloatTensor(idx.t(),vals).coalesce()
/home/victoriayang425/229_Project/taskers_utils.py:98: UserWarning: torch.sparse.SparseTensor(indices, values, *, device=) is deprecated.  Please use torch.sparse_coo_tensor(indices, values, dtype=, device=). (Triggered internally at /pytorch/torch/csrc/utils/tensor_new.cpp:642.)
  out = torch.sparse.FloatTensor(idx.t(),vals).coalesce()
/home/victoriayang425/229_Project/taskers_utils.py:98: UserWarning: torch.sparse.SparseTensor(indices, values, *, device=) is deprecated.  Please use torch.sparse_coo_tensor(indices, values, dtype=, device=). (Triggered internally at /pytorch/torch/csrc/utils/tensor_new.cpp:642.)
  out = torch.sparse.FloatTensor(idx.t(),vals).coalesce()
/home/victoriayang425/229_Project/taskers_utils.py:98: UserWarning: torch.sparse.SparseTensor(indices, values, *, device=) is deprecated.  Please use torch.sparse_coo_tensor(indices, values, dtype=, device=). (Triggered internally at /pytorch/torch/csrc/utils/tensor_new.cpp:642.)
  out = torch.sparse.FloatTensor(idx.t(),vals).coalesce()
/home/victoriayang425/229_Project/taskers_utils.py:98: UserWarning: torch.sparse.SparseTensor(indices, values, *, device=) is deprecated.  Please use torch.sparse_coo_tensor(indices, values, dtype=, device=). (Triggered internally at /pytorch/torch/csrc/utils/tensor_new.cpp:642.)
  out = torch.sparse.FloatTensor(idx.t(),vals).coalesce()
/home/victoriayang425/229_Project/taskers_utils.py:98: UserWarning: torch.sparse.SparseTensor(indices, values, *, device=) is deprecated.  Please use torch.sparse_coo_tensor(indices, values, dtype=, device=). (Triggered internally at /pytorch/torch/csrc/utils/tensor_new.cpp:642.)
  out = torch.sparse.FloatTensor(idx.t(),vals).coalesce()
/home/victoriayang425/229_Project/taskers_utils.py:98: UserWarning: torch.sparse.SparseTensor(indices, values, *, device=) is deprecated.  Please use torch.sparse_coo_tensor(indices, values, dtype=, device=). (Triggered internally at /pytorch/torch/csrc/utils/tensor_new.cpp:642.)
  out = torch.sparse.FloatTensor(idx.t(),vals).coalesce()
/home/victoriayang425/229_Project/taskers_utils.py:98: UserWarning: torch.sparse.SparseTensor(indices, values, *, device=) is deprecated.  Please use torch.sparse_coo_tensor(indices, values, dtype=, device=). (Triggered internally at /pytorch/torch/csrc/utils/tensor_new.cpp:642.)
  out = torch.sparse.FloatTensor(idx.t(),vals).coalesce()
/home/victoriayang425/229_Project/taskers_utils.py:98: UserWarning: torch.sparse.SparseTensor(indices, values, *, device=) is deprecated.  Please use torch.sparse_coo_tensor(indices, values, dtype=, device=). (Triggered internally at /pytorch/torch/csrc/utils/tensor_new.cpp:642.)
  out = torch.sparse.FloatTensor(idx.t(),vals).coalesce()
/home/victoriayang425/229_Project/taskers_utils.py:98: UserWarning: torch.sparse.SparseTensor(indices, values, *, device=) is deprecated.  Please use torch.sparse_coo_tensor(indices, values, dtype=, device=). (Triggered internally at /pytorch/torch/csrc/utils/tensor_new.cpp:642.)
  out = torch.sparse.FloatTensor(idx.t(),vals).coalesce()
/home/victoriayang425/229_Project/taskers_utils.py:98: UserWarning: torch.sparse.SparseTensor(indices, values, *, device=) is deprecated.  Please use torch.sparse_coo_tensor(indices, values, dtype=, device=). (Triggered internally at /pytorch/torch/csrc/utils/tensor_new.cpp:642.)
  out = torch.sparse.FloatTensor(idx.t(),vals).coalesce()
/home/victoriayang425/229_Project/taskers_utils.py:98: UserWarning: torch.sparse.SparseTensor(indices, values, *, device=) is deprecated.  Please use torch.sparse_coo_tensor(indices, values, dtype=, device=). (Triggered internally at /pytorch/torch/csrc/utils/tensor_new.cpp:642.)
  out = torch.sparse.FloatTensor(idx.t(),vals).coalesce()
/home/victoriayang425/229_Project/taskers_utils.py:98: UserWarning: torch.sparse.SparseTensor(indices, values, *, device=) is deprecated.  Please use torch.sparse_coo_tensor(indices, values, dtype=, device=). (Triggered internally at /pytorch/torch/csrc/utils/tensor_new.cpp:642.)
  out = torch.sparse.FloatTensor(idx.t(),vals).coalesce()
/home/victoriayang425/229_Project/taskers_utils.py:98: UserWarning: torch.sparse.SparseTensor(indices, values, *, device=) is deprecated.  Please use torch.sparse_coo_tensor(indices, values, dtype=, device=). (Triggered internally at /pytorch/torch/csrc/utils/tensor_new.cpp:642.)
  out = torch.sparse.FloatTensor(idx.t(),vals).coalesce()
/home/victoriayang425/229_Project/taskers_utils.py:98: UserWarning: torch.sparse.SparseTensor(indices, values, *, device=) is deprecated.  Please use torch.sparse_coo_tensor(indices, values, dtype=, device=). (Triggered internally at /pytorch/torch/csrc/utils/tensor_new.cpp:642.)
  out = torch.sparse.FloatTensor(idx.t(),vals).coalesce()
/home/victoriayang425/229_Project/taskers_utils.py:98: UserWarning: torch.sparse.SparseTensor(indices, values, *, device=) is deprecated.  Please use torch.sparse_coo_tensor(indices, values, dtype=, device=). (Triggered internally at /pytorch/torch/csrc/utils/tensor_new.cpp:642.)
  out = torch.sparse.FloatTensor(idx.t(),vals).coalesce()
/home/victoriayang425/229_Project/taskers_utils.py:98: UserWarning: torch.sparse.SparseTensor(indices, values, *, device=) is deprecated.  Please use torch.sparse_coo_tensor(indices, values, dtype=, device=). (Triggered internally at /pytorch/torch/csrc/utils/tensor_new.cpp:642.)
  out = torch.sparse.FloatTensor(idx.t(),vals).coalesce()
/home/victoriayang425/229_Project/taskers_utils.py:98: UserWarning: torch.sparse.SparseTensor(indices, values, *, device=) is deprecated.  Please use torch.sparse_coo_tensor(indices, values, dtype=, device=). (Triggered internally at /pytorch/torch/csrc/utils/tensor_new.cpp:642.)
  out = torch.sparse.FloatTensor(idx.t(),vals).coalesce()
/home/victoriayang425/229_Project/taskers_utils.py:98: UserWarning: torch.sparse.SparseTensor(indices, values, *, device=) is deprecated.  Please use torch.sparse_coo_tensor(indices, values, dtype=, device=). (Triggered internally at /pytorch/torch/csrc/utils/tensor_new.cpp:642.)
  out = torch.sparse.FloatTensor(idx.t(),vals).coalesce()
/home/victoriayang425/229_Project/taskers_utils.py:98: UserWarning: torch.sparse.SparseTensor(indices, values, *, device=) is deprecated.  Please use torch.sparse_coo_tensor(indices, values, dtype=, device=). (Triggered internally at /pytorch/torch/csrc/utils/tensor_new.cpp:642.)
  out = torch.sparse.FloatTensor(idx.t(),vals).coalesce()
/home/victoriayang425/229_Project/taskers_utils.py:98: UserWarning: torch.sparse.SparseTensor(indices, values, *, device=) is deprecated.  Please use torch.sparse_coo_tensor(indices, values, dtype=, device=). (Triggered internally at /pytorch/torch/csrc/utils/tensor_new.cpp:642.)
  out = torch.sparse.FloatTensor(idx.t(),vals).coalesce()
/home/victoriayang425/229_Project/taskers_utils.py:98: UserWarning: torch.sparse.SparseTensor(indices, values, *, device=) is deprecated.  Please use torch.sparse_coo_tensor(indices, values, dtype=, device=). (Triggered internally at /pytorch/torch/csrc/utils/tensor_new.cpp:642.)
  out = torch.sparse.FloatTensor(idx.t(),vals).coalesce()
/home/victoriayang425/229_Project/taskers_utils.py:98: UserWarning: torch.sparse.SparseTensor(indices, values, *, device=) is deprecated.  Please use torch.sparse_coo_tensor(indices, values, dtype=, device=). (Triggered internally at /pytorch/torch/csrc/utils/tensor_new.cpp:642.)
  out = torch.sparse.FloatTensor(idx.t(),vals).coalesce()
/home/victoriayang425/229_Project/taskers_utils.py:98: UserWarning: torch.sparse.SparseTensor(indices, values, *, device=) is deprecated.  Please use torch.sparse_coo_tensor(indices, values, dtype=, device=). (Triggered internally at /pytorch/torch/csrc/utils/tensor_new.cpp:642.)
  out = torch.sparse.FloatTensor(idx.t(),vals).coalesce()
/home/victoriayang425/229_Project/taskers_utils.py:98: UserWarning: torch.sparse.SparseTensor(indices, values, *, device=) is deprecated.  Please use torch.sparse_coo_tensor(indices, values, dtype=, device=). (Triggered internally at /pytorch/torch/csrc/utils/tensor_new.cpp:642.)
  out = torch.sparse.FloatTensor(idx.t(),vals).coalesce()
/home/victoriayang425/229_Project/taskers_utils.py:98: UserWarning: torch.sparse.SparseTensor(indices, values, *, device=) is deprecated.  Please use torch.sparse_coo_tensor(indices, values, dtype=, device=). (Triggered internally at /pytorch/torch/csrc/utils/tensor_new.cpp:642.)
  out = torch.sparse.FloatTensor(idx.t(),vals).coalesce()
/home/victoriayang425/229_Project/taskers_utils.py:98: UserWarning: torch.sparse.SparseTensor(indices, values, *, device=) is deprecated.  Please use torch.sparse_coo_tensor(indices, values, dtype=, device=). (Triggered internally at /pytorch/torch/csrc/utils/tensor_new.cpp:642.)
  out = torch.sparse.FloatTensor(idx.t(),vals).coalesce()
/home/victoriayang425/229_Project/taskers_utils.py:98: UserWarning: torch.sparse.SparseTensor(indices, values, *, device=) is deprecated.  Please use torch.sparse_coo_tensor(indices, values, dtype=, device=). (Triggered internally at /pytorch/torch/csrc/utils/tensor_new.cpp:642.)
  out = torch.sparse.FloatTensor(idx.t(),vals).coalesce()
/home/victoriayang425/229_Project/taskers_utils.py:98: UserWarning: torch.sparse.SparseTensor(indices, values, *, device=) is deprecated.  Please use torch.sparse_coo_tensor(indices, values, dtype=, device=). (Triggered internally at /pytorch/torch/csrc/utils/tensor_new.cpp:642.)
  out = torch.sparse.FloatTensor(idx.t(),vals).coalesce()
/home/victoriayang425/229_Project/taskers_utils.py:98: UserWarning: torch.sparse.SparseTensor(indices, values, *, device=) is deprecated.  Please use torch.sparse_coo_tensor(indices, values, dtype=, device=). (Triggered internally at /pytorch/torch/csrc/utils/tensor_new.cpp:642.)
  out = torch.sparse.FloatTensor(idx.t(),vals).coalesce()
/home/victoriayang425/229_Project/taskers_utils.py:98: UserWarning: torch.sparse.SparseTensor(indices, values, *, device=) is deprecated.  Please use torch.sparse_coo_tensor(indices, values, dtype=, device=). (Triggered internally at /pytorch/torch/csrc/utils/tensor_new.cpp:642.)
  out = torch.sparse.FloatTensor(idx.t(),vals).coalesce()
/home/victoriayang425/229_Project/taskers_utils.py:98: UserWarning: torch.sparse.SparseTensor(indices, values, *, device=) is deprecated.  Please use torch.sparse_coo_tensor(indices, values, dtype=, device=). (Triggered internally at /pytorch/torch/csrc/utils/tensor_new.cpp:642.)
  out = torch.sparse.FloatTensor(idx.t(),vals).coalesce()
/home/victoriayang425/229_Project/taskers_utils.py:98: UserWarning: torch.sparse.SparseTensor(indices, values, *, device=) is deprecated.  Please use torch.sparse_coo_tensor(indices, values, dtype=, device=). (Triggered internally at /pytorch/torch/csrc/utils/tensor_new.cpp:642.)
  out = torch.sparse.FloatTensor(idx.t(),vals).coalesce()
/home/victoriayang425/229_Project/taskers_utils.py:98: UserWarning: torch.sparse.SparseTensor(indices, values, *, device=) is deprecated.  Please use torch.sparse_coo_tensor(indices, values, dtype=, device=). (Triggered internally at /pytorch/torch/csrc/utils/tensor_new.cpp:642.)
  out = torch.sparse.FloatTensor(idx.t(),vals).coalesce()
/home/victoriayang425/229_Project/taskers_utils.py:98: UserWarning: torch.sparse.SparseTensor(indices, values, *, device=) is deprecated.  Please use torch.sparse_coo_tensor(indices, values, dtype=, device=). (Triggered internally at /pytorch/torch/csrc/utils/tensor_new.cpp:642.)
  out = torch.sparse.FloatTensor(idx.t(),vals).coalesce()
/home/victoriayang425/229_Project/taskers_utils.py:98: UserWarning: torch.sparse.SparseTensor(indices, values, *, device=) is deprecated.  Please use torch.sparse_coo_tensor(indices, values, dtype=, device=). (Triggered internally at /pytorch/torch/csrc/utils/tensor_new.cpp:642.)
  out = torch.sparse.FloatTensor(idx.t(),vals).coalesce()
/home/victoriayang425/229_Project/taskers_utils.py:98: UserWarning: torch.sparse.SparseTensor(indices, values, *, device=) is deprecated.  Please use torch.sparse_coo_tensor(indices, values, dtype=, device=). (Triggered internally at /pytorch/torch/csrc/utils/tensor_new.cpp:642.)
  out = torch.sparse.FloatTensor(idx.t(),vals).coalesce()
/home/victoriayang425/229_Project/taskers_utils.py:98: UserWarning: torch.sparse.SparseTensor(indices, values, *, device=) is deprecated.  Please use torch.sparse_coo_tensor(indices, values, dtype=, device=). (Triggered internally at /pytorch/torch/csrc/utils/tensor_new.cpp:642.)
  out = torch.sparse.FloatTensor(idx.t(),vals).coalesce()
/home/victoriayang425/229_Project/taskers_utils.py:98: UserWarning: torch.sparse.SparseTensor(indices, values, *, device=) is deprecated.  Please use torch.sparse_coo_tensor(indices, values, dtype=, device=). (Triggered internally at /pytorch/torch/csrc/utils/tensor_new.cpp:642.)
  out = torch.sparse.FloatTensor(idx.t(),vals).coalesce()
/home/victoriayang425/229_Project/taskers_utils.py:98: UserWarning: torch.sparse.SparseTensor(indices, values, *, device=) is deprecated.  Please use torch.sparse_coo_tensor(indices, values, dtype=, device=). (Triggered internally at /pytorch/torch/csrc/utils/tensor_new.cpp:642.)
  out = torch.sparse.FloatTensor(idx.t(),vals).coalesce()
/home/victoriayang425/229_Project/taskers_utils.py:98: UserWarning: torch.sparse.SparseTensor(indices, values, *, device=) is deprecated.  Please use torch.sparse_coo_tensor(indices, values, dtype=, device=). (Triggered internally at /pytorch/torch/csrc/utils/tensor_new.cpp:642.)
  out = torch.sparse.FloatTensor(idx.t(),vals).coalesce()
/home/victoriayang425/229_Project/taskers_utils.py:98: UserWarning: torch.sparse.SparseTensor(indices, values, *, device=) is deprecated.  Please use torch.sparse_coo_tensor(indices, values, dtype=, device=). (Triggered internally at /pytorch/torch/csrc/utils/tensor_new.cpp:642.)
  out = torch.sparse.FloatTensor(idx.t(),vals).coalesce()
/home/victoriayang425/229_Project/taskers_utils.py:98: UserWarning: torch.sparse.SparseTensor(indices, values, *, device=) is deprecated.  Please use torch.sparse_coo_tensor(indices, values, dtype=, device=). (Triggered internally at /pytorch/torch/csrc/utils/tensor_new.cpp:642.)
  out = torch.sparse.FloatTensor(idx.t(),vals).coalesce()
/home/victoriayang425/229_Project/taskers_utils.py:98: UserWarning: torch.sparse.SparseTensor(indices, values, *, device=) is deprecated.  Please use torch.sparse_coo_tensor(indices, values, dtype=, device=). (Triggered internally at /pytorch/torch/csrc/utils/tensor_new.cpp:642.)
  out = torch.sparse.FloatTensor(idx.t(),vals).coalesce()
/home/victoriayang425/229_Project/taskers_utils.py:98: UserWarning: torch.sparse.SparseTensor(indices, values, *, device=) is deprecated.  Please use torch.sparse_coo_tensor(indices, values, dtype=, device=). (Triggered internally at /pytorch/torch/csrc/utils/tensor_new.cpp:642.)
  out = torch.sparse.FloatTensor(idx.t(),vals).coalesce()
/home/victoriayang425/229_Project/taskers_utils.py:98: UserWarning: torch.sparse.SparseTensor(indices, values, *, device=) is deprecated.  Please use torch.sparse_coo_tensor(indices, values, dtype=, device=). (Triggered internally at /pytorch/torch/csrc/utils/tensor_new.cpp:642.)
  out = torch.sparse.FloatTensor(idx.t(),vals).coalesce()
/home/victoriayang425/229_Project/taskers_utils.py:98: UserWarning: torch.sparse.SparseTensor(indices, values, *, device=) is deprecated.  Please use torch.sparse_coo_tensor(indices, values, dtype=, device=). (Triggered internally at /pytorch/torch/csrc/utils/tensor_new.cpp:642.)
  out = torch.sparse.FloatTensor(idx.t(),vals).coalesce()
/home/victoriayang425/229_Project/taskers_utils.py:98: UserWarning: torch.sparse.SparseTensor(indices, values, *, device=) is deprecated.  Please use torch.sparse_coo_tensor(indices, values, dtype=, device=). (Triggered internally at /pytorch/torch/csrc/utils/tensor_new.cpp:642.)
  out = torch.sparse.FloatTensor(idx.t(),vals).coalesce()
/home/victoriayang425/229_Project/taskers_utils.py:98: UserWarning: torch.sparse.SparseTensor(indices, values, *, device=) is deprecated.  Please use torch.sparse_coo_tensor(indices, values, dtype=, device=). (Triggered internally at /pytorch/torch/csrc/utils/tensor_new.cpp:642.)
  out = torch.sparse.FloatTensor(idx.t(),vals).coalesce()
/home/victoriayang425/229_Project/taskers_utils.py:98: UserWarning: torch.sparse.SparseTensor(indices, values, *, device=) is deprecated.  Please use torch.sparse_coo_tensor(indices, values, dtype=, device=). (Triggered internally at /pytorch/torch/csrc/utils/tensor_new.cpp:642.)
  out = torch.sparse.FloatTensor(idx.t(),vals).coalesce()
/home/victoriayang425/229_Project/taskers_utils.py:98: UserWarning: torch.sparse.SparseTensor(indices, values, *, device=) is deprecated.  Please use torch.sparse_coo_tensor(indices, values, dtype=, device=). (Triggered internally at /pytorch/torch/csrc/utils/tensor_new.cpp:642.)
  out = torch.sparse.FloatTensor(idx.t(),vals).coalesce()
/home/victoriayang425/229_Project/taskers_utils.py:98: UserWarning: torch.sparse.SparseTensor(indices, values, *, device=) is deprecated.  Please use torch.sparse_coo_tensor(indices, values, dtype=, device=). (Triggered internally at /pytorch/torch/csrc/utils/tensor_new.cpp:642.)
  out = torch.sparse.FloatTensor(idx.t(),vals).coalesce()
/home/victoriayang425/229_Project/taskers_utils.py:98: UserWarning: torch.sparse.SparseTensor(indices, values, *, device=) is deprecated.  Please use torch.sparse_coo_tensor(indices, values, dtype=, device=). (Triggered internally at /pytorch/torch/csrc/utils/tensor_new.cpp:642.)
  out = torch.sparse.FloatTensor(idx.t(),vals).coalesce()
/home/victoriayang425/229_Project/taskers_utils.py:98: UserWarning: torch.sparse.SparseTensor(indices, values, *, device=) is deprecated.  Please use torch.sparse_coo_tensor(indices, values, dtype=, device=). (Triggered internally at /pytorch/torch/csrc/utils/tensor_new.cpp:642.)
  out = torch.sparse.FloatTensor(idx.t(),vals).coalesce()
/home/victoriayang425/229_Project/taskers_utils.py:98: UserWarning: torch.sparse.SparseTensor(indices, values, *, device=) is deprecated.  Please use torch.sparse_coo_tensor(indices, values, dtype=, device=). (Triggered internally at /pytorch/torch/csrc/utils/tensor_new.cpp:642.)
  out = torch.sparse.FloatTensor(idx.t(),vals).coalesce()
/home/victoriayang425/229_Project/taskers_utils.py:98: UserWarning: torch.sparse.SparseTensor(indices, values, *, device=) is deprecated.  Please use torch.sparse_coo_tensor(indices, values, dtype=, device=). (Triggered internally at /pytorch/torch/csrc/utils/tensor_new.cpp:642.)
  out = torch.sparse.FloatTensor(idx.t(),vals).coalesce()
/home/victoriayang425/229_Project/taskers_utils.py:98: UserWarning: torch.sparse.SparseTensor(indices, values, *, device=) is deprecated.  Please use torch.sparse_coo_tensor(indices, values, dtype=, device=). (Triggered internally at /pytorch/torch/csrc/utils/tensor_new.cpp:642.)
  out = torch.sparse.FloatTensor(idx.t(),vals).coalesce()
/home/victoriayang425/229_Project/taskers_utils.py:98: UserWarning: torch.sparse.SparseTensor(indices, values, *, device=) is deprecated.  Please use torch.sparse_coo_tensor(indices, values, dtype=, device=). (Triggered internally at /pytorch/torch/csrc/utils/tensor_new.cpp:642.)
  out = torch.sparse.FloatTensor(idx.t(),vals).coalesce()
/home/victoriayang425/229_Project/taskers_utils.py:98: UserWarning: torch.sparse.SparseTensor(indices, values, *, device=) is deprecated.  Please use torch.sparse_coo_tensor(indices, values, dtype=, device=). (Triggered internally at /pytorch/torch/csrc/utils/tensor_new.cpp:642.)
  out = torch.sparse.FloatTensor(idx.t(),vals).coalesce()
/home/victoriayang425/229_Project/taskers_utils.py:98: UserWarning: torch.sparse.SparseTensor(indices, values, *, device=) is deprecated.  Please use torch.sparse_coo_tensor(indices, values, dtype=, device=). (Triggered internally at /pytorch/torch/csrc/utils/tensor_new.cpp:642.)
  out = torch.sparse.FloatTensor(idx.t(),vals).coalesce()
/home/victoriayang425/229_Project/taskers_utils.py:98: UserWarning: torch.sparse.SparseTensor(indices, values, *, device=) is deprecated.  Please use torch.sparse_coo_tensor(indices, values, dtype=, device=). (Triggered internally at /pytorch/torch/csrc/utils/tensor_new.cpp:642.)
  out = torch.sparse.FloatTensor(idx.t(),vals).coalesce()
/home/victoriayang425/229_Project/taskers_utils.py:98: UserWarning: torch.sparse.SparseTensor(indices, values, *, device=) is deprecated.  Please use torch.sparse_coo_tensor(indices, values, dtype=, device=). (Triggered internally at /pytorch/torch/csrc/utils/tensor_new.cpp:642.)
  out = torch.sparse.FloatTensor(idx.t(),vals).coalesce()
/home/victoriayang425/229_Project/taskers_utils.py:98: UserWarning: torch.sparse.SparseTensor(indices, values, *, device=) is deprecated.  Please use torch.sparse_coo_tensor(indices, values, dtype=, device=). (Triggered internally at /pytorch/torch/csrc/utils/tensor_new.cpp:642.)
  out = torch.sparse.FloatTensor(idx.t(),vals).coalesce()
/home/victoriayang425/229_Project/taskers_utils.py:98: UserWarning: torch.sparse.SparseTensor(indices, values, *, device=) is deprecated.  Please use torch.sparse_coo_tensor(indices, values, dtype=, device=). (Triggered internally at /pytorch/torch/csrc/utils/tensor_new.cpp:642.)
  out = torch.sparse.FloatTensor(idx.t(),vals).coalesce()
/home/victoriayang425/229_Project/taskers_utils.py:98: UserWarning: torch.sparse.SparseTensor(indices, values, *, device=) is deprecated.  Please use torch.sparse_coo_tensor(indices, values, dtype=, device=). (Triggered internally at /pytorch/torch/csrc/utils/tensor_new.cpp:642.)
  out = torch.sparse.FloatTensor(idx.t(),vals).coalesce()
/home/victoriayang425/229_Project/taskers_utils.py:98: UserWarning: torch.sparse.SparseTensor(indices, values, *, device=) is deprecated.  Please use torch.sparse_coo_tensor(indices, values, dtype=, device=). (Triggered internally at /pytorch/torch/csrc/utils/tensor_new.cpp:642.)
  out = torch.sparse.FloatTensor(idx.t(),vals).coalesce()
/home/victoriayang425/229_Project/taskers_utils.py:98: UserWarning: torch.sparse.SparseTensor(indices, values, *, device=) is deprecated.  Please use torch.sparse_coo_tensor(indices, values, dtype=, device=). (Triggered internally at /pytorch/torch/csrc/utils/tensor_new.cpp:642.)
  out = torch.sparse.FloatTensor(idx.t(),vals).coalesce()
/home/victoriayang425/229_Project/taskers_utils.py:98: UserWarning: torch.sparse.SparseTensor(indices, values, *, device=) is deprecated.  Please use torch.sparse_coo_tensor(indices, values, dtype=, device=). (Triggered internally at /pytorch/torch/csrc/utils/tensor_new.cpp:642.)
  out = torch.sparse.FloatTensor(idx.t(),vals).coalesce()
/home/victoriayang425/229_Project/taskers_utils.py:98: UserWarning: torch.sparse.SparseTensor(indices, values, *, device=) is deprecated.  Please use torch.sparse_coo_tensor(indices, values, dtype=, device=). (Triggered internally at /pytorch/torch/csrc/utils/tensor_new.cpp:642.)
  out = torch.sparse.FloatTensor(idx.t(),vals).coalesce()
/home/victoriayang425/229_Project/taskers_utils.py:98: UserWarning: torch.sparse.SparseTensor(indices, values, *, device=) is deprecated.  Please use torch.sparse_coo_tensor(indices, values, dtype=, device=). (Triggered internally at /pytorch/torch/csrc/utils/tensor_new.cpp:642.)
  out = torch.sparse.FloatTensor(idx.t(),vals).coalesce()
/home/victoriayang425/229_Project/taskers_utils.py:98: UserWarning: torch.sparse.SparseTensor(indices, values, *, device=) is deprecated.  Please use torch.sparse_coo_tensor(indices, values, dtype=, device=). (Triggered internally at /pytorch/torch/csrc/utils/tensor_new.cpp:642.)
  out = torch.sparse.FloatTensor(idx.t(),vals).coalesce()
/home/victoriayang425/229_Project/taskers_utils.py:98: UserWarning: torch.sparse.SparseTensor(indices, values, *, device=) is deprecated.  Please use torch.sparse_coo_tensor(indices, values, dtype=, device=). (Triggered internally at /pytorch/torch/csrc/utils/tensor_new.cpp:642.)
  out = torch.sparse.FloatTensor(idx.t(),vals).coalesce()
/home/victoriayang425/229_Project/taskers_utils.py:98: UserWarning: torch.sparse.SparseTensor(indices, values, *, device=) is deprecated.  Please use torch.sparse_coo_tensor(indices, values, dtype=, device=). (Triggered internally at /pytorch/torch/csrc/utils/tensor_new.cpp:642.)
  out = torch.sparse.FloatTensor(idx.t(),vals).coalesce()
/home/victoriayang425/229_Project/taskers_utils.py:98: UserWarning: torch.sparse.SparseTensor(indices, values, *, device=) is deprecated.  Please use torch.sparse_coo_tensor(indices, values, dtype=, device=). (Triggered internally at /pytorch/torch/csrc/utils/tensor_new.cpp:642.)
  out = torch.sparse.FloatTensor(idx.t(),vals).coalesce()
/home/victoriayang425/229_Project/taskers_utils.py:98: UserWarning: torch.sparse.SparseTensor(indices, values, *, device=) is deprecated.  Please use torch.sparse_coo_tensor(indices, values, dtype=, device=). (Triggered internally at /pytorch/torch/csrc/utils/tensor_new.cpp:642.)
  out = torch.sparse.FloatTensor(idx.t(),vals).coalesce()
/home/victoriayang425/229_Project/taskers_utils.py:98: UserWarning: torch.sparse.SparseTensor(indices, values, *, device=) is deprecated.  Please use torch.sparse_coo_tensor(indices, values, dtype=, device=). (Triggered internally at /pytorch/torch/csrc/utils/tensor_new.cpp:642.)
  out = torch.sparse.FloatTensor(idx.t(),vals).coalesce()
/home/victoriayang425/229_Project/taskers_utils.py:98: UserWarning: torch.sparse.SparseTensor(indices, values, *, device=) is deprecated.  Please use torch.sparse_coo_tensor(indices, values, dtype=, device=). (Triggered internally at /pytorch/torch/csrc/utils/tensor_new.cpp:642.)
  out = torch.sparse.FloatTensor(idx.t(),vals).coalesce()
/home/victoriayang425/229_Project/taskers_utils.py:98: UserWarning: torch.sparse.SparseTensor(indices, values, *, device=) is deprecated.  Please use torch.sparse_coo_tensor(indices, values, dtype=, device=). (Triggered internally at /pytorch/torch/csrc/utils/tensor_new.cpp:642.)
  out = torch.sparse.FloatTensor(idx.t(),vals).coalesce()
/home/victoriayang425/229_Project/taskers_utils.py:98: UserWarning: torch.sparse.SparseTensor(indices, values, *, device=) is deprecated.  Please use torch.sparse_coo_tensor(indices, values, dtype=, device=). (Triggered internally at /pytorch/torch/csrc/utils/tensor_new.cpp:642.)
  out = torch.sparse.FloatTensor(idx.t(),vals).coalesce()
/home/victoriayang425/229_Project/taskers_utils.py:98: UserWarning: torch.sparse.SparseTensor(indices, values, *, device=) is deprecated.  Please use torch.sparse_coo_tensor(indices, values, dtype=, device=). (Triggered internally at /pytorch/torch/csrc/utils/tensor_new.cpp:642.)
  out = torch.sparse.FloatTensor(idx.t(),vals).coalesce()
/home/victoriayang425/229_Project/taskers_utils.py:98: UserWarning: torch.sparse.SparseTensor(indices, values, *, device=) is deprecated.  Please use torch.sparse_coo_tensor(indices, values, dtype=, device=). (Triggered internally at /pytorch/torch/csrc/utils/tensor_new.cpp:642.)
  out = torch.sparse.FloatTensor(idx.t(),vals).coalesce()
/home/victoriayang425/229_Project/taskers_utils.py:98: UserWarning: torch.sparse.SparseTensor(indices, values, *, device=) is deprecated.  Please use torch.sparse_coo_tensor(indices, values, dtype=, device=). (Triggered internally at /pytorch/torch/csrc/utils/tensor_new.cpp:642.)
  out = torch.sparse.FloatTensor(idx.t(),vals).coalesce()
/home/victoriayang425/229_Project/taskers_utils.py:98: UserWarning: torch.sparse.SparseTensor(indices, values, *, device=) is deprecated.  Please use torch.sparse_coo_tensor(indices, values, dtype=, device=). (Triggered internally at /pytorch/torch/csrc/utils/tensor_new.cpp:642.)
  out = torch.sparse.FloatTensor(idx.t(),vals).coalesce()
/home/victoriayang425/229_Project/taskers_utils.py:98: UserWarning: torch.sparse.SparseTensor(indices, values, *, device=) is deprecated.  Please use torch.sparse_coo_tensor(indices, values, dtype=, device=). (Triggered internally at /pytorch/torch/csrc/utils/tensor_new.cpp:642.)
  out = torch.sparse.FloatTensor(idx.t(),vals).coalesce()
/home/victoriayang425/229_Project/taskers_utils.py:98: UserWarning: torch.sparse.SparseTensor(indices, values, *, device=) is deprecated.  Please use torch.sparse_coo_tensor(indices, values, dtype=, device=). (Triggered internally at /pytorch/torch/csrc/utils/tensor_new.cpp:642.)
  out = torch.sparse.FloatTensor(idx.t(),vals).coalesce()
/home/victoriayang425/229_Project/taskers_utils.py:98: UserWarning: torch.sparse.SparseTensor(indices, values, *, device=) is deprecated.  Please use torch.sparse_coo_tensor(indices, values, dtype=, device=). (Triggered internally at /pytorch/torch/csrc/utils/tensor_new.cpp:642.)
  out = torch.sparse.FloatTensor(idx.t(),vals).coalesce()
/home/victoriayang425/229_Project/taskers_utils.py:98: UserWarning: torch.sparse.SparseTensor(indices, values, *, device=) is deprecated.  Please use torch.sparse_coo_tensor(indices, values, dtype=, device=). (Triggered internally at /pytorch/torch/csrc/utils/tensor_new.cpp:642.)
  out = torch.sparse.FloatTensor(idx.t(),vals).coalesce()
/home/victoriayang425/229_Project/taskers_utils.py:98: UserWarning: torch.sparse.SparseTensor(indices, values, *, device=) is deprecated.  Please use torch.sparse_coo_tensor(indices, values, dtype=, device=). (Triggered internally at /pytorch/torch/csrc/utils/tensor_new.cpp:642.)
  out = torch.sparse.FloatTensor(idx.t(),vals).coalesce()
/home/victoriayang425/229_Project/taskers_utils.py:98: UserWarning: torch.sparse.SparseTensor(indices, values, *, device=) is deprecated.  Please use torch.sparse_coo_tensor(indices, values, dtype=, device=). (Triggered internally at /pytorch/torch/csrc/utils/tensor_new.cpp:642.)
  out = torch.sparse.FloatTensor(idx.t(),vals).coalesce()
/home/victoriayang425/229_Project/taskers_utils.py:98: UserWarning: torch.sparse.SparseTensor(indices, values, *, device=) is deprecated.  Please use torch.sparse_coo_tensor(indices, values, dtype=, device=). (Triggered internally at /pytorch/torch/csrc/utils/tensor_new.cpp:642.)
  out = torch.sparse.FloatTensor(idx.t(),vals).coalesce()
/home/victoriayang425/229_Project/taskers_utils.py:98: UserWarning: torch.sparse.SparseTensor(indices, values, *, device=) is deprecated.  Please use torch.sparse_coo_tensor(indices, values, dtype=, device=). (Triggered internally at /pytorch/torch/csrc/utils/tensor_new.cpp:642.)
  out = torch.sparse.FloatTensor(idx.t(),vals).coalesce()
/home/victoriayang425/229_Project/taskers_utils.py:98: UserWarning: torch.sparse.SparseTensor(indices, values, *, device=) is deprecated.  Please use torch.sparse_coo_tensor(indices, values, dtype=, device=). (Triggered internally at /pytorch/torch/csrc/utils/tensor_new.cpp:642.)
  out = torch.sparse.FloatTensor(idx.t(),vals).coalesce()
/home/victoriayang425/229_Project/taskers_utils.py:98: UserWarning: torch.sparse.SparseTensor(indices, values, *, device=) is deprecated.  Please use torch.sparse_coo_tensor(indices, values, dtype=, device=). (Triggered internally at /pytorch/torch/csrc/utils/tensor_new.cpp:642.)
  out = torch.sparse.FloatTensor(idx.t(),vals).coalesce()
/home/victoriayang425/229_Project/taskers_utils.py:98: UserWarning: torch.sparse.SparseTensor(indices, values, *, device=) is deprecated.  Please use torch.sparse_coo_tensor(indices, values, dtype=, device=). (Triggered internally at /pytorch/torch/csrc/utils/tensor_new.cpp:642.)
  out = torch.sparse.FloatTensor(idx.t(),vals).coalesce()
/home/victoriayang425/229_Project/taskers_utils.py:98: UserWarning: torch.sparse.SparseTensor(indices, values, *, device=) is deprecated.  Please use torch.sparse_coo_tensor(indices, values, dtype=, device=). (Triggered internally at /pytorch/torch/csrc/utils/tensor_new.cpp:642.)
  out = torch.sparse.FloatTensor(idx.t(),vals).coalesce()
/home/victoriayang425/229_Project/taskers_utils.py:98: UserWarning: torch.sparse.SparseTensor(indices, values, *, device=) is deprecated.  Please use torch.sparse_coo_tensor(indices, values, dtype=, device=). (Triggered internally at /pytorch/torch/csrc/utils/tensor_new.cpp:642.)
  out = torch.sparse.FloatTensor(idx.t(),vals).coalesce()
wandb: updating run metadata
wandb: uploading output.log; uploading wandb-summary.json; uploading config.yaml
wandb: 
wandb: Run history:
wandb: best_eval_valid ▁▂▂▅▆▇▇▇██
wandb:           epoch ▁▁▁▁▁▂▂▂▃▃▃▃▃▃▃▄▄▄▄▄▄▅▅▅▅▅▆▆▆▆▇▇▇▇▇▇▇███
wandb:       eval_test ▁▁▄▄▅▇█▇██
wandb:      eval_train ▁▅▄▄▅▆▆▆▆▆▆▅▆▇▆▆▆▇▇▇▇█▇▇▇▇███▇█▇████████
wandb:      eval_valid ▄▄▄▆▄▅▃▅▅▁▄▆▇▄▆▇▄▆▆▆▆▅▇▇▇▇████▇▄▅▅▇▅▅▄▅▅
wandb: 
wandb: Run summary:
wandb: best_eval_valid 0.72083
wandb:           epoch 71
wandb:       eval_test 0.5162
wandb:      eval_train 0.87676
wandb:      eval_valid 0.62469
wandb: 
wandb: 🚀 View run egcn_o at: https://wandb.ai/victoriayang425-stanford-university/cs229-transgcn/runs/j9owxixf
wandb: ⭐️ View project at: https://wandb.ai/victoriayang425-stanford-university/cs229-transgcn
wandb: Synced 5 W&B file(s), 0 media file(s), 0 artifact file(s) and 0 other file(s)
wandb: Find logs at: ./wandb/run-20260516_190633-j9owxixf/logs
### w0) ep 71 - Early stop.
